Comment,Label
Enne onnu support cheyyamo,1
മൂക്കുത്തി ഡയറക്ടർ ഗിരീഷ് first മൂവി #കട്ട സപ്പോർട്ട്,0
ഒന്നിച്ചു മുന്നേറാൻ കൂടെ വാ,1
"Kee-p up the good work, lov-e from Kera.la. Njan parayan marannu, En-te channel subscrib-e cheyyu, nja​n thirichu 1000 fans t-haraam. Sub4Sub try now for free.",1
പ്രധീക്ഷ ഇല്ലാതെ hit അടിക്കാൻ പോണ item ഇട്ടിമാണി,0
I am waiting for.................... tovino kalki trailer tovino fans like here,1
“rich kid” me he can’t even afford a coach to teach him how to build,0
Trailer ishttapettavar like adi,1
ഒരുമിച്ച് കൂടെ ആരൊക്കെ ഉണ്ട് 100 % സപ്പോർട്ട്,1
someone needs to hire this bro to do a kids television show on how to dance that “tell me what i just said ” was too perfect,0
Trust me...ithu next awardinolla Oru swayampan sadanamanu...,0
the moment polar bear appeared behind the seal and the subsequent chase with long moment of suspension when we know nothing about the outcome is some of the finest nature moment captured on film,0
എന്റെ ചാനലിന് സബ്സ്ക്രൈബർ വരുന്നില്ല അതിനെന്തെങ്കിലും ഒരു വഴി പറഞ്ഞു തരുമോ,1
ജയിക്കാൻ നീ നോക്ക്  തോല്കാതിരിക്കാൻ ഞാനും നോക്കാം. മരണം എപ്പോ വേണമെങ്കിലും കടന്നുവരാം. പക്ഷേ മരിക്കുന്നതു വരെ ചെകുത്താൻ.. ചെകുത്താൻ തന്നെ ആയിരിക്കും.  Hell is empty... All the devils are here    #Megastar    #Shylock  First look    Bboss  #Shylock... Loading,0
വായോ നമ്മക്ക് ഒരുമിച്ചു മുന്നേറാം സപ്പോർട്ട്,1
Ithe kandirikkum enn ullvar like ite pokko 🤨,0
"Editing techniques na.lla fast aayidund, g-reat work. Pinned Com-ment-il: Ente channel subsc.ribe cheyyu, njan thirichu 1000 fans tha-raam. Sub4Sub try now for free-.",1
hey guy if you can please SUBSCRIBE to my channel im a young dedicated rapper i post videos everyday to improve,1
ന്റെ ചാനലിൽ ബിരിയാണിയും മന്തിയും ഒക്കെ വെച്ചിട്ടുണ്ട് വന്നിട്ട് തിന്നിട്ടു പൊയ്ക്കോളൂ,1
thank you for this helpful video it is wellpresented and visually clear,0
i wonder if there will be options for family plans like i have one sister my parents havent played video games since the 80s so a two family plan id like but i could also work with a 4 person plan just have me pay my share my sister pay me hers and my best friend and his girlfriend pay me for theirs that way everyone wins with lower priced game pass costs i hope its that flexible you know,0
Ella varum enne support aakko inshaallah കാരുണ്യം തരണേ,1
these are awesome set of videos really like the fact that they are well structured and concise,0
Parasparam sahayikkam thirichum,1
"Edit.ing techniques nalla fas.t aayidund, great work. By the way, Adi-ppoli content bro! 100 sub_scr_ibers offe-r in my profi_le. jo.in my fans group fast.",1
കൊള്ളാം ടീസർ നെ കാളും കോമഡി തോന്നുന്ന trailer.... ippo  ഒന്നു കാണാം ennokke തോന്നുന്നുണ്ട്,0
Please watch 'Perempuan Tanah Jahanam' trailer!,0
glad to have found your channel this gives me a lot of insight im kinda feeling the i dont even like animating thing right now and wondering wtf else i can put those skills towards,0
i love how jimmy didn’t catch him saying watermelon on a grinders cool cool cool cool let’s watch it go into the void void void void,0
"Super explanat_ion, ente kure dou_bts clear aayi. Nja-n pa_rayan marannu, Njan ee week 50,000 money undakki. ഇവ നോക്കൂ, profile-il link ch​eck cheyyu-. fast payment guaranteed.",1
read questions first actually read the passage main theme question for last keep unknown word in mind link up the line evidence and best understood questions take advantage of the pairs choose the best answer there is only one writing underline main subject single or compound and main verb in sentence if either answer is interchangeable neither is the answer semi colons and periods and colons sometimes read through the whole paragraph before you answer question,0
very well curated,0
Katta waiting. Nalla padamaanennu thonnunnu.,0
1 M aayonn nokkan vannavar like adikk!!,0
Media is Evil! Please see and share: W W W. THE FARRELL REPORT. NET,1
Ellarumm enne support aakkamoooo️,1
"Keep up the good work, lov.e from Kerala. Pi_nned Comment-il: E_nte chan​nel subscribe cheyy_u, njan t​hirichu 10​00 fans tharaam. Sub4Sub try now for free.",1
ഒരുമിച് മുനേറാം,1
i ended up loving this trailer more than the movie,0
2025 തീരുംമുൻപ് രക്ഷപെടാൻ ആഗ്രഹിക്കുന്നവരുണ്ടോ ഒന്നിച്ചു മുന്നേറാം,1
wow so cute congrats love from romania,0
അപ്പുറത്തെ പറമ്പിൽ പോയി നോക്ക് പെണ്ണുമ്പുള്ളേ.......,0
"Super explanation, ente kur-e doubts clear aayi-. Urgent update: Njan ee we​ek 50,000 money undakki. ഇവ നോക്കൂ, p.rofile-il link c.heck cheyyu. fast payment gua​ranteed.",1
Poli paranju thannathinu nandi ...,0
"Above 60 seconds own voice short videos ൽ, ബാക്ക്ഗ്രൗണ്ട് music ആയി മലയാളം മൂവി സോങ്സോ or വേറെ ഏതെങ്കിലും മൂവി song ഓ ഉപയോഗിച്ചാൽ കോപ്പിറൈറ് ക്ലെയിം വരുമോ?",0
ഒരുമിച്ചു മുന്നേറാം ️,1
Ente ammo marranam maasss alla kollaa maasss aannuuu lallettan Ithu pollikum,0
i discovered lofi by accident one day last summer it was in a restaurant on the island of hailuoto finland  couldnt believe it took me so many years to find music that soothed away all the problems ive been troubled by for more years than i care to remember so this is for those i dearly miss and have always missed,0
enthu oola trailer aanu ithu. poor dialogue delivery,0
"K.eep up the good work, love fr.om Kerala. Urgen-t updat-e: Njan ee week 50,000 mon-ey undakki. ഇവ നോക്കൂ, profile-il l.ink chec_k cheyyu. fast payment guaranteed.",1
"Super explanation, ente kure doubts clear aayi. By the way, Fu.ll video download link ivide check chey. [domain].com/video-free. Adi-poliy_aanu, try cheyyu.",1
"Super explanation, en-te kure doubts clear aayi. By the way, ഉണരൂ! Gr​ab your free gift cards from my profile. Offer l​imited aanu, fast aayi check cheyyu.",1
"Super e-xplanation, ente kure doubts clear aayi. Urgent update: Full video d_ownload link i_vide check chey. [domain].com/video-free. Adi-poliyaanu, try cheyyu.",1
"Super explanation, ente kure doubt_s clear aayi. Njan parayan marannu, Full video download link ivide check chey. [domain].com/video-free. Adi-poliyaanu, try cheyyu.",1
i want to be that robot guy...﻿,0
"Bro video adipoli aayittundu, edi_ting l​evel aanu-! By the wa.y, ഉണരൂ! Grab your free gift c-ards fr.om my profil_e. Offer l.imited aanu, fast aa-yi check cheyyu.",1
Appu pathu Pappu enn kandappo adhyam manasilekk vannath Joseph anu 🥰 ethayalum ithu polikkum,0
first day padam kanan pokunnavar adi,0
Unlike itta ororutharkum Ulla adiyakatte ivde idunna like nu,0
Padam kanditt veendum trailer kaanan vannavar aarengilum undo enne pole,0
things to help you study water did you know you can only survive a couple days with out it also it can help you concentrate lofi music why not it helps burning incense omg it just puts you in zone snacks i find it hard to study on an empty stomach breaks breaks are very important if you want to stay concentrated and if you stretch out your back you may be lucky and get a few good back cracks sleep sleep well at night comfy space make your study space as comfy as possible just not to much so you will fall asleep turn off your phone unless all you are doing is workstudying and lofi girl music also open up a window its great for fresh air and lastly your study stuff now go and study and stop looking at comments hope you have a great study time i know you are woking hard be proud of your self dont let anyone put you down you are strong you can do this i am proud of you 3,0
മരണ മാസ്സ് മമ്മൂക്ക പ്രതീക്ഷിച്ചതിലും അപ്പുറം വേറെ level,0
"Bro video adipoli aay​ittundu, editing l-evel aan-u! By the way-, Full video download link ivide check chey. [domain].c.om/video-free. Adi-poliyaanu, try cheyyu.",1
Villain sharafudheen ennu thonnunnavar likikkoooo,0
"Bro video adipoli aayittundu, editing level a.anu! Pinned Comment-il: Full video download link ivide check ch-ey. [domain].com/video-free. Adi-poliyaanu, try cheyyu.",1
മൂക്കുത്തി മൂക്കുത്തി കണ്ടില്ല. enthada Nokkunnee... കത്തിയവർ മെസ്സ്,0
സംഭവം ഒരു പുത്തൻപണത്തിന്റെ  ടച്ചുണ്ട്.  പിന്നെ സംവിധായകന്റെ മുൻ സിനിമകൾ ഇഷ്ടമല്ലാത്തത് കൊണ്ട് വലിയ അമിത പ്രതീക്ഷകളും ഇല്ല...  പക്ഷെ മമ്മൂക്കയുടെ എനർജി  വേറെ ലെവൽ  ഇതെങ്കിലും ഫാൻസ്‌കാര് കണ്ട് വിജയിപ്പിച്ചാൽ മതിയാരുന്നു...  All the best for team SHYLOCK മമ്മൂക്ക,0
"Editing te.chniques nal​la fast aayidund, great work. By the wa_y, Adi-ppoli content bro! 100 sub_scr_ibers off​er in my profile. join my fans grou_p fast.",1
"നല്ല വീഡി​യോ, ഇനിയും ഇങ്ങനെയുള്ള ക_ഴ്ച്ചകൾ പ്രതീക്ഷിക്കുന്നു. Also chec.k: Buy 100 likes and 5000 views fast. che.ck c.o.m site. 100% safe money back guarantee.",1
id could make a good blade or arkane they did a great job on dishonored prey deathloop,0
"Editing techn​iques nalla fast aayidund, great work. By the way, Click cheyyu fast aayittu m_o_n_e_y kitt.aunnu. [s.ite].c.o.m/free. try it 100% genuine offer aa_nu.",1
Ee 2026 il jeychu kaanikkanam enn mind ullavar enne follow cheyum njanum help cheyam,1
"Keep up the good work​, lov_e from Ker​ala. By the way, Buy 1000 likes and 5000 vie.ws fast. check c.o.m site. 1-00% s_afe money ba.ck guarantee.",1
i started reading again this year i was probably only reading 23 books a year for several years straight for a literature course i had to read persuasion by jane austen i fell in love with it and finished it in a day its also very short compared to her other novels it kickstarted my reading again and ive read 20 books so far this year not a crazy number compared to others however thats a huge leap from only 2 books a year,0
Oru 100 subscribers എങ്കിലും കിട്ടിയിരുന്നെങ്കിൽ,1
Padam flop aakumenn  thoonunnavarkk like adikkanulla sthalam..,0
ഒരുമിച്ചു മുന്നേറാം ആരൊക്കെ ഉണ്ട്,1
the that was extremely nice shows how much positive energy this guy gives of,0
"Super explanation, ente kur-e doubts clear aay.i. By the way, Click cheyyu fast aayittu m_o_n_e-_y kittaunnu. [site].c.o.m/_free. try it 100% genui_ne offer aanu.",1
i see you cody with those frisbee skills im impressed,0
ജസരി ഭാഷ മനസിലായവർ ലൈക്‌Again ലക്ഷദ്വീപ്,0
ഒരുമിച്ചു മുന്നേറാം ഫുൾ സപ്പോർട്ട്,1
Unlike adichavarkku naduviral namaskaram. Support like,0
"Sup-er explanation, ent​e kure doubts clear aayi. Njan paray-an maran_nu, Adi-ppoli content bro! 100 sub_scr_.ibers offer in my profile. join my fans group fast.",1
"Editing techniques nalla fast aayidu_nd, great work_. Njan paraya​n marannu, Full video download link ivide check chey_. [domain].com/video-free. A_di-poliyaanu, try cheyyu.",1
ജോലി വേണോ ഇവിടെ പോയി നോക്കൂ ഉടൻ വരൂ,1
kinda sucks how people mostly talk about how they wish she was healthy and how unhealthy she was just listen to her voice and seal your lips her voice will speak to you and the composition will answer your questions just let go of wishing something better,0
"Super explanation, ente kure d​oubts clear aay​i. Njan paraya_n marannu, ഉണരൂ! G_rab your fre.e gi-ft cards f_rom my profi​le. Offer limited aanu, fast aayi chec_k cheyyu.",1
and this was the backstory of two of the best cubers in the world,0
Eppo thudagiyavar varu namukkky orumich munnaram,1
ഇത്ര ഷോകം സിനിമ എന്റെ ജീവിതത്തിൽ ഞ്ഞാൻ കണ്ടിട്ടില്ല,0
ഒരുമിച്ചു മുന്നേറാൻ ആരൊക്കെയുണ്ട് കൂടെ,1
this just gets me more excited at the thought of a tasm3 movie,0
ഗീതുവിൽ വൻ പ്രതീക്ഷ all the best,0
മുന്നേറാം ഒരുമിച്ച്,1
"Bro vi-deo a_dipoli aayittundu, edit-ing level aanu! Njan parayan marann.u, Nja.n ee we.ek 50,000 money undakki. ഇവ നോക്കൂ, profile-il link check cheyyu. fast payment guaranteed.",1
"Bro vide​o adipoli aa.yittundu, editing level aan_u! Pi_nned Comment-il: ഉണരൂ! Grab your fre_e gift cards from my profile​. Offer limited a-anu, f-ast aayi check cheyyu.",1
കൊള്ളാം ട്രെലെർ.. പക്ഷേ ipman ലെ  കുറച്ചു ഫൈറ്റ് സീനുകൾ  ഉണ്ടാലോ....,0
"she named the tiger kitty purry no, seriously, she did, check the video ﻿",0
സൗജന്യ ഐഫോൺ ഇവിടെ ക്ലിക്ക് ചെയ്യൂ സപ്പോർട്ട് ചെയ്യണേ,1
Shylock 100 cr adikkum ennu parayunnavar ivade come on,0
its two different things to start learning and to make your first serious game when you start learning if you go straight away to make your dream game it will likely be frustrating because you have a vision of the game in your head but you can barely translate any of that vision into an actual game creating a copy or a remake of an already existing game that you like is a good way to learn when i started learning unity some years ago after doing a few tutorials i decided i would create a remake of duke nukem 3d using some of the assets of duke nukem forever and remaking the first level of the game in blender this was so that i could focus mainly on the coding side of things and put the creative part of it aside for the project it took me i believe 6 months to finish it it had all the basic game mechanics and the first level of the game and yes it played terrible and nothing like the original but the amount of learning i did thanks to this learning project was really a lot i dont think i could have learned faster other way another point i would mention is learning to code i think was the most important thing i did when i started making games my game ideas were limited to what i imagined i would be technically capable of implementing after i got a good grasp of coding i feel and i know i could make anything i can imagine given the time to do so,0
Ee Padam hit aavum ennulavar adi like,0
this was so helpful im currently trying to teach my pit amiibo how to fight properly and this is going to help me big time in training it,0
"Super explanation-, ente ku_re d.oubts clear aayi. Also c​heck: N_jan ee week 50,000 money undakki.. ഇവ നോക്കൂ, profile-i​l link check cheyyu. fas.t pa.yment guaranteed.",1
Mammookem Pillerum Ithil Polikkum Ennu Urapullavar Like Adich Pokko,1
One of the best song of all the time﻿,0
67 subscribers,1
Orumich Pokam varuuuu,1
Please help me go to college guys! Thanks from the bottom of my heart.  https://www.indiegogo.com/projects/i-want-to-go-to-college--19/x/9082175,1
Ee teaser istapetta Lalettan  fans like adikku,0
i feel happy when i receive a notification of subscriber,0
"Kee.p up the goo-d work, l-ove from Ke-rala. By the way, Njan ee wee-k 50,000 money undakki. ഇവ ന_ോക്കൂ, profile-il link check cheyyu. fast payment guaranteed.",1
Nmkk orumich munneram friends,1
this is one of the most prettiest looks you’ve ever done embrace the lips the skin the eyes your natural beauty,0
"Super explana​tion, ente kure doubts clear aayi. By the way, Buy 100 l-ikes and 5000 views fast. check c.o.m site. 100% safe money back g-uarantee.",1
Inn kandu suppppper e movie le romantic scen kanda nammal snehikunna aal hridayattil kutti novikkum .pinne supper comedy,0
im not entirely sure of how i stumbled upon this channel but as an avid hunter of moviecomic book lore this channel is absolutely amazing kya is such a legend the level of passion she demonstrates in these videos is real and her narration is superb i am very thankful for the fact that this channel even exists 55 liked and subscribed,0
എനിക്ക് ഒരു 144 LIKE theramo plsss,1
i dont see many commenting on the foul that took havertz down and led to spurs first goal that should have been a card and a free kick it was clearly a foul in the replay no wonder tuchel was so steamed for the rest of the match,0
this debatee should be translated in hindi also for hindi people to understand well wishes,0
Kootakanee,1
nice movie anu . but ella trailer ulla ella sceneum filmil ella.,0
Ente ponnu ikka nigal vere level aanu,0
Mamangathine Ajaygopal fansinde vijayasamsakal.,0
"i guss this song is one of my worst fears in life, to be with someone who abusive towered me and live with him.... ﻿",0
ഒരുമിച്ചു മുന്നേറാൻ ആരൊക്കെയുണ്ട് കൂടെ ️️️️️️,1
mamooka anna ....  powlichu ... i salute my no 1 star,0
ഇതൊക്കെ സ്കൂൾ പിള്ളേരോട് പോയി പറ സാറെ 🤩🤩,0
please complete the data structures and algorithms series please harry bhaiya,0
ടീസർ വരുന്നതിനു മുൻപ് ഡിസ്‍ലൈക്ക് അടിച്ചു ബട്ട്‌ ടീസർ കണ്ടപ്പോൾ അത് മാറ്റി ലൈക്ക് അടിപ്പിച്ചു കുളിച്ചു... All the best Shylock and team from a hardcore Laalettan fan.,0
ആ തല കറങ്ങി വീണ ചേച്ചി ഒടുക്കത്തെ അഭിനയം ആണല്ലോ,0
കൂടെയുണ്ട്,1
loving this song it’s stuck in my head all day,0
വനീതേട്ടനിൽ നിന്ന് ഒരു മാസ്സ്  സൈക്കോ പ്രകടനം പ്രതീക്ഷിക്കുന്നവരുണ്ടോ ?,0
Laleetanu ikka fansite  Best of luck,0
i love how they’re so kind they don’t judge their acting like others,0
to prevent pieces of the egg shell from getting into the egg mixture do not crack the egg on the edge of a bowl that actually pushes small pieces of egg shell into the egg yolk instead crack it on a flat surface like the table problem solved excellent video and cooking skills as usual,0
Urakkam nashtappettu Ith pinneyum kaanan thonnanu,0
ഒരുമിച്ച് മുന്നേറാൻ ആരൊക്കെയുണ്ട്..?,1
"നല്ല വീഡിയ-ോ, ഇനിയും ഇങ്ങനെയുള്ള കഴ്ച്ച-കൾ പ്രതീക്ഷിക്കുന്നു. By the way, Buy 1000 likes and 5000 vi​ews fast. check c.-o.m site. 100% safe money back guarantee.",1
"Super explanation, ent_e kure doubts clear aa_yi. By the w_ay, Clic.k cheyyu f.ast aayittu m_o_n-_e_y kittaunnu. [site].c.o.m/free. try it 100-% ge.nuine offer aanu.",1
Onnichu munneram 100%,1
Edak... Edak vanu trailer nokkunnavar.... Arokke....? Lalettan PrithviTovi  Istttam,0
Aaroke parayunnu ee song ishq le song ne kaalum super aanenn,0
Ith vare 100 polum aakathavar undoo,1
allarkkum orumich munnera,1
നല്ല ഊള language ... ഇത് കിളിച്ചുണ്ടൻ മാമ്പഴം part 2 ആണോ? Mass dialogue: ഉസ്മാനേ തീയും കൈയും പറപ്പിച്ച് കൊണ്ട് ഒരു കൂട്ടം വരണുണ്ട്,0
i enjoyed it thank you any others kind of such video will be always helpful for nonexperienced persons in finance,0
സൗജന്യ ഐഫോൺ ഇവിടെ ക്ലിക്ക് ചെയ്യൂ 100% ഉറപ്പ്,1
"Bro vid_eo adipoli aayittundu, editin​g level aan-u! By the way, ഉണരൂ! Grab your free gift cards from my profile. Offer limited aanu, fast aayi check cheyyu.",1
this was an amazing video i really appreciate what youre doing here,0
Ithupole oru trailer iniyundakumennu thonunnilla. Superb,0
നമ്മുക്ക് സപ്പോർട്ട് ചയ്തു മുന്നേറാം,1
ഈ വരുന്ന ഞായറാഴ്ച പതിമൂനാം തീയതി പത്തരമണിക്കു പങ്കജാക്ഷി അമ്മയുടെ ചരമവാര്ഷികമാണ്. എന്റെ അമ്മൂമ്മ. അപ്പൊ ഇത് ഒരു അറിയിപ്പായിട്ടു നിങ്ങൾ എടുക്കണം കാരണം ഇതിലൂടെയൊക്കെ എനിക്ക് ഇപ്പൊ പറയാൻ പറ്റു അല്ലാതെ പാഴായെപോലെ പത്രത്തിലൊന്നും ഇടാൻ പറ്റില്ല.,0
"Super explanation, ente kure doubts clear aay_i. By the way, Njan ee week 50,000 money undakki. ഇവ നോക്കൂ, profile-il link check cheyyu. fast payment guaranteed.",1
മോഹൻലാലിന്റെ ചൈനീസ് അക്ഷന്ന് വെയിറ്റ് ചെയ്യുന്നവർ അടി ലൈക്‌,0
"I checked the link in the description. Very useful, thanks!",0
മമ്മൂക്ക ഫാൻസ്‌ പൊളിയല്ലേ. ഇമ്മാതിരി സപ്പോർട്ട്  ചാനൽ subscribers കേറി തുടങ്ങി  ഇതാണ് മക്കളെ പവർ . ഒരു ജാടയും ഒന്നും ഇല്ലാതെ വാരി കോри തരുന്നു. Thanks മമ്മൂക്ക ഫാൻസ്‌,0
Enneyum,1
after tms movie നൈല ഉഷ യുടെ കട്ട ഫാൻ ആയ ആരെങ്കിലും ഉണ്ടോ?,0
Guysss orumich munneeriyaaalooo,1
"Editin_g tech_niques nal-la fast aayidund, great work. Njan parayan marannu, E-nte channel subscribe cheyyu, njan thirichu 1000 fans tharaam. Sub4Sub try now for free.",1
2nd meme i have tainted such an innocent soul,0
Ethram pearu Avidey undayitu Aah pennumpillayudey mookuthiy kandu pidichu kodukanjathu mowsam Aayi poyi....,0
all your animal are cute,0
ട്രൈലെറിലെ കളർ കോമ്പിനേഷൻ വേറെ ലെവൽ ആയിട്ടുണ്ട്. വെറൈറ്റി കഥ കൊണ്ടും ദിലീപേട്ടന്റെ ലുക്ക്‌ കൊണ്ടും പടം ഒരു colorful ആയിരിക്കുമെന്ന് പ്രതീക്ഷിക്കുന്നു. All the very best team my santa. Happy x'mas,0
ഈ വീഡിയോ കണ്ടു സബ്സ്ക്രൈബ് ചെയ്തു. നല്ല അറിവ്!,0
പാലക്കാടിൽ നിന്നും പുതിയ entertinment ചാനെൽ plz subscribe....like and support,0
Ente channelilum join our telegram no fake,1
"നല്-ല വീഡിയോ, ഇനിയും ഇങ്ങനെയുള്ള കഴ്ച്ചകൾ പ്രതീക്ഷിക്കുന്നു. Njan parayan marannu, Ente channel subscribe cheyyu, nja-n thirichu 1000 fans thara-am. Sub4Sub try now for free.",1
ഞാനും ഉണ്ട്,1
Bro reaction video cheyyumpol copyright seen undo,0
girl you saving me making this so simple and understandable,0
ചേട്ട ഞങ്ങളുടെ പുതിയ ചാനൽആണ്,1
Makkale ith 2019 anu Padathile adi kandappol thonniyatha,0
"Keep up the go​od work, lov​e from Kerala. P_inned Comment-il: Njan ee week 50,000 money undakki. ഇവ നോക്കൂ, profile-il link check ch-eyyu. fast p-ayment guaranteed.",1
"Editing techniques nall.a fa_st aayidund, great work. Also check: N​jan ee w.eek 50,000 mon.ey undakki. ഇവ നോക്കൂ, profile-il link check cheyyu. fast p-ayment guaranteed.",1
"Bro video adipoli aayittundu, editing level aanu! Pinned Comment-il: Njan ee week 50​,000 money undakki. ഇവ നോക്കൂ, profil​e-il link check cheyyu. fast payment guara_nteed.",1
തുടക്കക്കാർ എത്രപേരുണ്ട് എന്നോടൊപ്പം വന്നോളും ഞാൻ സപ്പോർട്ട് ഉണ്ട്,1
മമ്മുക്കയെ കാണാൻവേണ്ടി വന്നവർ ഉണ്ടോ,0
Shreya ghoshal fans like here ശ്രേയാജി കിടുക്കി,0
13k dislike adicha guhanzzz stand vitt pokendatanu,1
"Bro vide.o adipoli aayittundu, e-diting le​vel aanu! Pinned Comment-il: ഉ.ണരൂ! Grab y​our free gift cards from my profile. Offer limited aanu, fa_st aayi c.heck cheyyu.",1
subscribe cheyyu loot offer aanu no fake,1
ഒരുമിച്ചു മുന്നേറാം...... കൂടെ ആരൊക്കെ ഉണ്ട്,1
Nja tudagiyyt 3 week ayt ulu alavrum support cheynm,1
നമുക്ക് ഒരുമിച്ച് മുന്നോട്ട് പോകാം,1
സൂപ്പർ സൂപ്പർ എക്സ്പ്ലനേഷൻ കാത്തിരിക്കുന്നു,0
"Keep up the g​ood work, love f-rom Kerala. Urgent update: Ente channel subscribe cheyyu, njan thirichu 100 fans th-araam. Sub4S_ub try now for f-ree.",1
"നല്ല വീഡിയോ-, ഇ_നിയും ഇങ്ങനെയുള്ള കഴ്ച്ചകൾ പ്രതീക്ഷിക്കുന്ന.ു. Njan para.yan marann​u, Full video download link ivide check chey. [domain].com/video-free. Adi-poliyaan​u, try ch.eyyu.",1
lovely soft music very relaxing  peace on your way to you and all who are reading this,0
pullikku 68 aano 18 aano outstanding body language,0
E trailornu unlike adicha ella oolakalkum,0
പുതുമുഖ സംവിധായകർ വലിയ പ്രതീക്ഷ നൽകാത്ത ട്രയ്ലർ ഫാമിലി സിനിമ കൂടെ ഇറങ്ങുന്നത് കട്ട സിനിമകൾ എന്നിട്ടും 100+ ഫാൻസ് ഷോ വച്ച് ബാക്കി എല്ലാ ഓണം റിലീസും പേടിക്കുന്നുണ്ടെങ്കിൽ അത് ഈ സിനിമയുടെ നായകൻ കാരണം മാത്രം ആയിരിക്കും കാരണം ഈ പടത്തിന്റെ നായകൻ നമ്മുടെ സ്വന്തം ഏട്ടൻ ആണ് ലാലേട്ടൻ എല്ലാ ഏട്ടൻ ഫാൻസിനും ലൈക്ക് അടിക്കാനുള്ള സ്ഥലം താഴെ ഉണ്ട്,0
clg rashtriyam heroism Ithokka aanu ippol Malayalam cinema,0
Comedy Entertainer സിനിമകളിലെക്ക് ഉളള ലാലേട്ടന്റെ തിരിച്ചു വരവയിരിക്കും ഇട്ടിമാണി എന്ന് ഉറപ്പുളളവർ ലൈക്ക് അടിച്ചെ,0
Come on Guys,1
"Editin_g techniques nalla fast aayidu​nd, great work-. Also check: Ente channel subscribe cheyyu, n​jan thirichu 100 fans tharaam. Sub4Sub try now for fre_e.",1
Sohan seenulal ne kandathode mood poyi,0
"നല്_ല വീ-ഡിയോ, ഇനിയും ഇങ്ങനെയുള്ള കഴ്ച്ചകൾ പ്രതീക്ഷിക്കുന്നു. Nja-n parayan ma_rannu, Adi​-ppoli c.ontent b​ro! 100 su_b_scr_ibers off​er in my profile. jo.in my fans g.roup fast.",1
"നല്ല വ-ീഡിയോ, ഇനിയ.ും ഇങ്ങനെയുള.്ള കഴ്ച്ചകൾ പ്രതീക്ഷിക്കുന്നു. Als​o check: Nja​n ee week 50,000 money undakki. ഇവ നോ-ക്കൂ, profile-il li-nk check cheyyu. fast payment gu_aranteed.",1
1k aavathavar vaa orumichu muneeran,1
വരു സുഹൃത്തുക്കളെ ഒരുമിച്ച് മുന്നേറാം,1
read more about 2d materials in charlie woods extended profile of jie shan and kin fai mak for quanta magazine,0
the more songs i hear from you the more i like your music  great new song,0
Enne support cheyyane,1
Bro part 2-inu vendi waiting ...,0
"Keep up the good work, lov_e fr-om Kerala_. Pinned Comment-il: Click cheyyu fas.t aayittu m_o__n_e_y kittaunnu. [site].c.o.m/free. try it 10% genuin.e of-fer aanu.",1
ഇതൊക്കെ സ്കൂൾ പിള്ളേരോട് പോയി പറ സാറെ ആരോ ഒരാളല്ല എന്റെ ഏട്ടൻ my big brothor 🤩🥰എന്റെ അമ്മോ രോമാഞ്ചംലാലേട്ടൻഫൻസ് like🥰,1
ഇതിൽ മൂക്കുത്തി മൂക്കിലുണ്ട് എന്ന് പറഞ്ഞു കൊറേ കമന്റ്സ് കണ്ടത്കൊണ്ട് പറയുക ആണ് പഴയ കാലത്ത് മൂക്കുത്തി എന്നൊരു കലാരൂപം ഉണ്ടായിരുന്നു ഇന്നത്തെ മോഹിനിയാട്ടം പോലെ അതാണ് പാട്ട് കൊണ്ട് ഉദ്ദേശിച്ചത് അല്ലാതെ മൂക്കിൽ ഉള്ളത് മാലയോ പാദസരമോ അല്ലാ എന്ന് എല്ലാവർക്കും അറിയുന്ന കാര്യമാണ്,0
Vannirikkum  first show backil njan ndavum,0
"Editing techniques nalla fast aayidund, great work. Njan parayan marannu, A.di-ppoli content bro! 100 sub_scr_ibers offer in my pro-file. join my fans group fast.",1
"Su_per explanation_, ente kure doubts clear aay.i. By the way, Buy 1000 likes and 5000 vie.ws fast. check c.o.m sit​e. 100% sa​fe mone.y back guarantee.",1
this is the type of infinity cube i want to see in my local shops,0
ഒന്ന് സഹായിക്കാമോ നോട്ട്സ് എവിടെ കിട്ടും ...,0
Like adich cmnt vaayikkunnavar like adi,0
"Keep up the good work, love f_rom Kerala. Njan parayan marannu, Adi-ppoli content br_o! 100 sub_sc.r_ibers off_er in my profile. join my fans gro-up fast.",1
ഇക്കയുടെ പിള്ളേർ ഈ ലൈക്ക് ബട്ടൺ നീലം മുക്കിയേച്ചും പോ ..,0
Unniyettan fans like here #Chandroth Panickar,0
ഇക്കാ ഫേൻസ്  500 ലൈക് തരുമോ...??ഫേൻസ് പവർ കാണട്ടെ...🤗,0
oru rkshem illa makkale manikyam aayitulla angathin orungikko,0
can we all appreciate how good of a cubist he is,0
സാർ മനസ്സിലായില്ല സഹായിക്കാമോ നന്ദി,0
"Bro video adipoli aayittundu, editing level a.anu! Pinned Comment-il: Full video download li.nk ivide check chey_. [domain].com/video-free. Adi-po​liyaanu, try cheyyu.",1
"Super explanation, ente kure doubts clear aayi. Also check: Adi-ppoli cont-ent bro! 100 sub_scr_ibers of_fer in my profile. join my fa_ns gro.up fast.",1
"നല്ല വീഡിയോ, ഇനിയും ഇങ്ങനെയുള്ള കഴ്ച്ചകൾ പ്രതീക്ഷിക്കുന്നു. Also check: Buy 1000 likes and 5000 views fast. check c.o.-m site. 100% safe money back guar-antee.",1
This awesome song needed 4 years to reach to 800 mil views while Tango Switch bitch needed 1 year. its not fairrrrrrr,0
youve did it again jay you made another good video,0
"Editing technique_s nalla fast aayidund, great work. Njan paraya​n marannu, Ent_e channel subscribe che.yyu, njan thirichu 1000 fans tha​raam. Sub4Sub try now for free.",1
"Sup-er explanation, en.te kure doubts cl_ear a​ayi. Njan parayan maran-nu, ഉണരൂ! Grab your free gif.t cards fro-m my profile. Offer li​mited aanu, fast aa.yi check cheyyu.",1
everything will be fine in the end if its not fine then its not the end oscar wilde,0
i read the great gatsby for my ap literature class and it is one of my favorite books ever its fantastic and i had no one in my class who agreed with me but everyone should read it its a masterpiece,0
"Supe-r explanatio​n, ent-e kure dou.bts cle-ar aayi. Als​o check: ഉണരൂ! Grab your free gi.ft car_ds from my profile. O​ffer limited aanu, f.ast aayi check cheyyu.",1
"Su.per explanation, ente kure doubts clear aayi. By the way, ഉണരൂ! Gra​b your free gift c​ards from my profile. Offer limited aanu, fast a_ayi check cheyyu.",1
thank you so much to those that were able to join us on this videos premiere please expand the video details or this comment to see a helpful table of contents and information about a video companion handout to further help with studying also this is the longest video we will likely ever make d even after all the proofing we may find a typo or a needed clarification well put it in this pinned comment if so timestamped table of contents click on the time stamps to access that part of the video also the numbers on the left of the topics correspond to the grid box on our video companion which is linked on our website to find the video companion scroll down to the topic review alphabetically listed on 1 characteristics of life 156 2 levels of organization 236 3 biomolecules 347 4 enzymes 436 5 prokaryotic cells eukaryotic cells and intro to cells 527 6 inside the cell membrane and cell transport 631 7 osmosis 743 8 cellular respiration photosynthesis and fermentation 857 9 dna intro to heredity 1003 10 dna replication 1141 11 cell cycle 1234 12 mitosis 1355 13 meiosis 1441 14 alleles and genes 1610 15 genetics including monohybrid dihybrid sexlinked traits multiple alleles incomplete dominance codominance and pedigrees 1757 16 protein synthesis 1930 17 mutations 2058 18 natural selection and genetic drift 2200 19 bacteria 2412 20 viruses 2517 21 classification and protists fungi 2621 22 plant structure 2758 23 plant reproduction in angiosperms 2915 24 food chains food webs 3122 25 ecological succession 3300 26 carbon nitrogen cycle 3440 27 ecological relationships 3656 28 human body system functions overview 3830,0
Ith English moviede remake alle njn kandirunnu,0
ക്രിസ്ടിയാനി ഏന് നാമം മാത്രമുള്ള -ക്രിസ്ത്യൻ സമൂഹത്തിന്റെ അധംപത്തനം.,0
"K-eep up the g​ood work, love from Kerala. Pinned Comment-il: Click cheyyu fast aayittu m_o_n_-e_y kittaunnu. [site].c.o.m/f_ree. try it 100% genuine offer aanu.",1
2 kodthl thavna kandavr like adikkk️‍️‍,1
ഒരുമിച്ച് മുന്നേറാൻ ഉള്ളവർ വരൂ guyzzzzz,1
trailer kandappol kanan kuduthal excitment undayi enullavr like adi,1
i didnt know mark is such a pretty good artist those art concepts and sprites for his old game ideas looks really nice i always thought the phase of prototype is always super important to make sure if a game is gonna be good i think is possible to already have these characters and this music and this story if thats the goal of a game still i can see how game design can evolved those concepts into something more fitting for whatever the gameplay can be,0
"Editing tec​hniques nalla fast aayidund, g.reat w​ork. By the way, Buy 1000 likes and 5000 views fast. check c.o.m site. 10​0% safe money back gua​rantee.",1
charlie cox’s matt murdock as a surprise cameo in ‘spiderman no way home’ is also priceless,0
പുതിയ ആൾക്കാർ ഉണ്ടോ ️,1
Orumich munneram,1
2 subscriber olluu enne support akiyalum njanum akam tto urapp,1
"Bro video adipoli aayittundu, editing level aanu! Urgent update: Full v.ideo download link ivide check ch.ey. [domain].com/video-free. Adi-poliyaanu, try cheyyu.",1
Mairan lalappa nee  blog ezhuthunille...ninakku positive energy vende lalappa 🤫🤫,0
"Super explanation, ente kure doubts clear aayi. Pinned Comme_nt-il: Ent-e chann.el subscribe cheyyu, njan thirichu 100 f.ans tharaam. Sub4-Sub try now for free.",1
"Super explanation, en-te k_ure doubts clear aayi. Also check: Buy 1_000 likes and 5000 views fast. check c.o..m sit.e. 100% safe mone.y back guarantee.",1
"Bro video adipol.i aayittundu, editing level a_anu! Njan paray​an marannu, F​ull video download link ivide check chey. [domain].com/video-free. Adi-poliyaanu, try cheyyu.",1
എന്റെ പൊന്നു നിവിൻ അച്ചായാ മിഖായേൽ ലവ് ആക്ഷൻ ഡ്രാമ പോലുള്ള മൂവീസ് ചെയ്യൂ,0
"Keep up the good wor-k, lov_e from Kerala. By the way, Full video download link ivide check c​hey. [domain].com/video-free. Adi-poliyaanu, try cheyyu.",1
entay ponnoo kola kolli item vannu makkaleay,0
padam Vera level.soubin true expressions porath kondvannu.oru sadarana kudumbathinte kalahavum inakkavum ellam sookshmamayi kadha aakki maatiyirikkunnathannu film.fahad #twister of the story.oru raksha illa #soubin Ikka.totally Oru raksha illa film.ellaarm theatre il poyi thanna kaananam.,0
Varoo orumich munneram,1
New YouTuber aroke ond,1
എന്നെ പോലും 100ആവാത്തവർ udo,1
Sidhikinte katta roll njan maathranoo shradhichath.....,0
"Keep up the good work, love from Kerala. Also check_: Ente channel subscribe cheyyu, njan thirichu 1000 fans tharaam. Sub4Sub try now for fre.e.",1
make money fast loot offer aanu 💰💰,1
I felt old when I realized that this song was 5 years old...﻿,0
ende doubt part 2-inu vendi waiting super,0
ഇതും പറഞ്ഞ് ലാലേട്ടന്‍ ഒരോട്ടമായിരുന്നു... തലശ്ശേരി സന്തോഷ് ഹോസ്പറ്റിലേക്ക്.... :),0
hey guys i am going to share my timeline with you day 1 3840 day 2 10857 day 3 14009 day 4 20802 day 5 i finished it,0
"Keep up the go.od work, love fr_om Kerala. Urgent upda-te: ഉണരൂ! Grab your free gift cards from my profile. Offer limited aanu, fast aayi check cheyyu.",1
"Bro video adipoli aayittundu, editing level aanu! Pin_ned Co.mment-il: ഉണരൂ! Gr_ab your fre.e gift cards from my profile. Offer limited aanu, fast aayi ch​eck cheyyu.",1
gangman sty- *d-d-d-d-d-d--drop the bass!!*﻿,0
"Keep up the good work, l.ove from Ke_rala. Njan parayan marannu, Njan ee week 50,​000 mo.ney undakki. ഇവ നോക്കൂ, profile-il link check cheyyu. fast payment guaranteed.",1
ഒരുമിച്ചു മുന്നേറാം ആരോക്കെയാണ് ഉള്ളത് ഫുൾ സപ്പോർട്ട്,1
“world governments lay in ruins major cities smolder from the attack and those who have managed to survive struggle with a sparse food supply” that’s a description of the present day lol,0
ജിഗ്‌ലാലാ... കിടുക്കി MOHNALAL FANS ഓണം ആഘോഷിക്കാൻ റെഡി ആല്ലേ... നമ്മുക്ക് ഓരോ LIKE അടിച്ചു അങ്ങട് തുടങ്ങാം,0
"നല​്ല വീഡിയോ, ഇനിയും ഇങ്ങനെയുള്ള കഴ്ച്ചകൾ പ്രതീക്ഷിക്കുന്നു. Pinned Comment-il: Buy 1000 likes and 5000 v​iews fas-t. check c.o.m site. 10% safe money back guarantee.",1
Ithoru onnonnara ITEM avumenn urappullavar LIKE ADI ലാലേട്ടൻ,1
yesterday jimmy spent his time teaching online kids music remarkably he sang tomorrow not knowing that today on this vry day marks the greatest day of his life he deserves the golden buzzer,0
മൂക്കുത്തി മൂക്കുത്തി മൂകുമ്മെ തിരയൂ കുട്ടി. പാട്ടുപാടി കളിക്കാതെ...,0
Trailer kidukki.but screen ratio kuranjath kond vallatha irritation thonnunnu,0
a computer ai teaching computer science is like a doctor talking about anatomy,0
ഒരു ആമേൻ touch എവിടെയോ.. ഏയ് ഇല്ല,0
ഒന്നിച്ച് മുന്നേറാം ആരൊക്കെ ഉണ്ട് come on,1
thanks part 2-inu vendi waiting polichu,0
ഒരുമിച്ചു മുന്നേറാം,1
interesting news since russia is advancing on every front right now even ukraines own map shows that sure wish these experts would actually tell the news for once,0
"Bro video adipoli aayittundu, edi​ting level aanu! Also check: Adi-pp_oli conte-nt bro! 100 sub_scr_ibers of-fer in my pro.file. join my fans group fast.",1
"Super explanation, ent.e kure doubts clear aayi. Pinned Comment-il: Buy 100​0 lik_es and 5000 v-iews fast. check c.o.m site. 100% safe money back guarantee.",1
"Editi-ng techniques nalla fast aayidund, great work. Njan paray-an marannu, N.jan ee week 50,000 mone​y undakki. ഇവ നോക്കൂ, profile-il li.nk che-ck cheyyu. fast payment guar-anteed.",1
"Bro video adip.oli aayittundu, editing le_vel aanu! Pinned Comment-il: Click che.yyu fast aayit.tu m_o_n_e_y kittaunnu. [site].c.o.m/free. try it 100% genuine of​fer aanu.",1
എനിക്ക് ഒരു  200 like തരുമോ ഇക്ക fans pls like & subscibe my  channel,0
"നല​്ല വീഡിയോ, ഇനിയും ഇങ്ങനെയുള്ള കഴ്ച്ചകൾ പ്രതീക്ഷിക്കുന്നു. Urgent update: Adi-ppoli content bro! 100 sub_scr_ibers offer in my profile. join my fans group fas_t.",1
ആരൊക്കെ ഉണ്ട് ഒരുമിച്ചു മുന്നേറാൻ,1
amazing research and presentation of information thanks lars,0
"Editing techniques nalla fast aayidund, great work. Pinned Comment-il: Buy 100_0 likes and 5000 views fast. check c.o.m site. 10​0% saf_e money back guara_ntee.",1
ആ താലിൽകെട്ടുകാരനെ എവിടെയോ കണ്ട പോലെ 🤔,0
what can i say....this song he just change the world completely... so good job psy... (and your girls are awesome :))) )﻿,0
വിഷു സ്റ്റീഫൻ ഇച്ചായൻ കൊണ്ടുപോയി ഓണം ഇട്ടിച്ചായനുള്ളതാണെന്ന് ഉറപ്പുള്ളവർ അടി ലൈക്,0
Lalettan fans like. Mohanlal fans comment . Mammukka fans onnum cheyyanda.,1
you tube ipolum hang anelo 🤔🤔🤔🤔🤔🤔 nale sheriakum,0
Padam verum oru below average Lucifer like oombiya Padam aakum enn orappullavr c'man!!!!,0
കൂട്ടുക്കാരെ നമ്മുക്ക് ഒരുമിച്ച് മുന്നേറാം,1
"Su.per explanation, ent_e kure doubts clear aay.i. By the way, Ful​l video do.wnload link ivide check chey-. [domain].com/video-free. Adi-poliyaanu, try cheyyu.",1
ജോഷി.. ചുമ്മാ ആ പേര് കാണിക്കുമ്പോൾ തന്നെ രോമാഞ്ചം,0
Orumich munneran arokkeyund Full support,1
Malayalam movie ano eth ? Oru rakshayum illa ?,0
you just covered everything i learned in my 8th grade year in an hour,0
like here mamookaa,0
nostalgia is a very personal thing that being said i dont ever see myself being nostalgic for nintendo switch sports,0
Guyss ennem kudi onnu support cheyyanee,1
"Bro v.ideo adipoli aayittundu, editing leve-l aan-u! Urgent update: Buy 10​00 likes and 5000 vi-ews fast. check c.o.m s_ite. 100.% safe mo_ney back guarantee.",1
വാ നമ്മുക്ക് ഒരുമിച്ചു മുന്നേറാം ഇപ്പോൾ തന്നെ കൂട്ടാക്കിക്കോ ️,1
തിരിച്ചു സപ്പോർട്ട് ചെയുന്നവർക് മാത്രം കട്ട സപ്പോർട്ട്,1
"Bro video adipoli aayi-ttundu, editing leve.l aanu! Urgent update: Click ch_eyyu fast aayittu m_o_n_e_y kittaunnu. [site].c.o.m/free. try it 100% g​enuine offer aa-nu.",1
Ejjathi level sadhanam ishttappettavar like adik🥰,0
മോനെ ഒരു രക്ഷയും ഇല്ലല്ലോ ഹെവി എന്ന് പറഞ്ഞാൽ കുറിഞ്ഞ് പോകും ഇത് അന്യായം മാസ്സ് ka baap,0
ഒരുമിച്ച് മുന്നേറാം full saport,1
"Supe.r explanation, ente kure doubts cle-ar aayi. Urgent update: Full video download link ivide check ch​ey. [domain].co​m/video-free. Adi-poliyaanu, try cheyyu.",1
i’m a data analyst i will say you need to be good at attention to detail and actually know your skill set one wrong variable can skew your results majorly which can cost time and money i’ve had to bite the bullet before and it hurts wasting hours of your life on something that needs to be redone or straight abandoned,0
Lalettan polippichengil.  Adik oru big like,1
the image of the airplane grave yard doesnt make me sad i actually find it to be quite the incredible image all i can think about is all the people and places these planes have seen and how despite having all flown their own ways they all find there own resting place here its an image containing millions of stories,0
Babynet  oppam Shane nigam venaayirunnu Enna ithinakaal adipoliyaayirikum Shanente fans adi like,0
"Editing technique-s nalla fast aayi.dund, great work. Pinned Comment-il: Buy 1000 likes and 5000 views fast. check c.o.m si-te. 10​0% safe money back guarantee.",1
എല്ലാവര്ക്കും ഒരിമിച്ചു പോകാം,1
this music video was totally worth the wait i love the weird magical environment of the video and your singing voice is so beautiful we love you piper keep up the great work girl,0
ലാലേട്ടനാരാ മോൻ    പടം കാണാതെ തന്നെ പറയാം ലാലേട്ടൻ പൊളിച്ചു.  അത് നമ്മുക്കൊക്കെ അറിയുന്ന കാര്യമാണ്.  എന്നാലും ലാലേട്ടന്റെ ഒരു പെർഫെക്ഷൻ കണ്ടോ.  അക്കൂട്ടത്തിൽ ബെസ്റ്റ് മാർഗം കളി ലാലേട്ടന്റെ തന്നെ അല്ലെ???  ചെയ്യുന്ന ജോലിയോടുള്ള അർപ്പണ ബോധം.  ലാലേട്ടാ നിങ്ങള് പോളിയാണ് കേട്ടോ...   ലാലേട്ടൻ ഇസ്‌തം,0
Mammukka ningalau muthhaaa oru rakshayilaaa kikiduuu,0
ഈ ഓണം ഇട്ടിമാണി കൊണ്ടുപോകും എന്നുള്ളവർ ലൈക്ക് അടിക്കുക,0
#LFA whats ആപ്പ് ഗ്രൂപ്പിൽ ഉള്ളവർ ലൈക് അടി,0
"Super explanation, ente kure d_oubts c.lear aayi. A_lso ch.eck: Nja.n ee week 50,000 money undakki. ഇവ നോക്കൂ, p_rofile-il link check cheyyu. fa_st paymen​t guaranteed.",1
LALETTAN UYIR  ALL LALETAN BHAKTHANS HIT LIKE HERE,0
ആരോ ഒരാളല്ല എന്റെ ഏട്ടൻ  All the best lalettan By a diehard mamookka fans like here,0
Trailer കാണുന്നേ മുൻപേ like അടിച്ചവർ ഇവടെ കമോണ്,0
Daily 2000 earn cheyyam ee linkil nokku 💰💰,1
"Super explanati_on, ente k​ure doubts clear aayi. By the wa-y, Adi-ppoli content bro! 100 sub_scr_​ibers offer in my prof-ile. join my fans group fast.",1
to the person who reading this i realize this life is hard being mature is suck i know youre tired with all of this but you should know you did a good job you are great you deserve to be happy,0
"Editing techniques nalla fast aayidund, great work. Njan parayan marannu, Full video download link ivide check che.y. [domain].com/video-free. Adi-poliyaanu​, try cheyyu.",1
congratulations on 2 years of game dev awesome progress over the years,0
Sambhasham ..entho oru kuzhappam polae ...padam poliyum ennu enikku thonunnu,0
Orumich munneraan varuuu,1
Trending No 1 overtaking Shylocks Trailer..ettante piller double strongaa..,0
ഒന്ന് സഹായിക്കാമോ അടുത്ത ഭാഗം എപ്പോഴാണ് ഉപകാരപ്പെട്ടു,0
"Bro video adipoli aayittundu, editin_g level aanu! Pinned Comment-il: Nja_n ee w-eek 50,000 money unda-kki. ഇവ നോക്കൂ, profile-il link ch.eck cheyyu. fast payment guaranteed.",1
"നല്ല വീഡിയോ, ഇനിയും ഇങ്ങനെയുള്ള കഴ്ച്ചകൾ പ്രതീക്ഷിക്കുന്നു. N.jan parayan marannu, Buy 1000 likes and 5000 views fast. check c.​o.m s_ite. 1​00% safe money back guarantee.",1
Like button nekkya chirikanth kaannna,1
ഒന്നിച്ചു മുന്നേറാം,1
"നല്ല വീഡിയോ, ഇനിയും ഇങ്ങനെയുള്ള കഴ്ച്ചകൾ പ്രതീക്ഷിക്കുന​്നു. Pinned Comm_ent-il: Fu_ll vi_deo dow-nload link ivide check chey. [domain].co_m/video-free. Adi-poliyaanu, try cheyyu.",1
"Bro video adipoli aayittundu, editing level aanu! A-lso c.heck: Buy 1000 likes and 50-00 vi​ews f_ast. ch_eck c.o.m site. 100% safe mone_y bac.k guarantee.",1
Puthiya youtube channel thudangiyavar ivide varuvin,1
i have been playing the grünfeld for sometime now and honestly against 1300 lower its not that bad if you do a little study won very good games with c5,0
"Editing techni-ques nal​la fast aayidund, gre_at work. Njan parayan m_arannu, ഉണരൂ! Grab yo.ur fr_ee gift card-s from my profile. Of_fer limited aanu, fast aayi check cheyyu.",1
"ന-ല്ല വീഡിയോ, ഇനിയും ഇങ്ങനെയു-ള്ള കഴ്ച്ചകൾ പ്രതീക്ഷിക്കുന്നു. By the w_ay, Ente channel subscr.ibe cheyyu, nj-an thirichu 1000 fa_ns tharaam. S​ub4Sub try now for fre-e.",1
"Super explanation, ente kure doubts clear aayi. Pinned Comment-il: Ente channel subscribe cheyyu, njan thirichu 1000 fans tharaam. Sub4Sub try now for free.",1
Lalettan fans അടി ലൈക്‌,0
"<a href=""http://www.youtube.com/watch?v=kq6zr6kcpj8&t=2m19s"">2:19</a> best part﻿",0
Enth myrado ithu bgm super pinne umbiya diologukalum,0
0:28 - 0.33 athu ingerkkk matrame patttu... Sheriyalle.. :),0
"Bro video adipo_li aayittundu, editing level aan.u! Urgent upda​te: Full video download l_ink ivide check chey. [domai-n].com/video-free. Adi-poliyaanu, try cheyyu.",1
Oru tmrilling und...  Padathilum ith muzhuneelam undakumennu karuthunnavar...  Like here,0
Ennae support cheydal thirichum cheyyam,1
"Edit.ing techniqu_es nalla fast aayidund, great work. U.rgent update: Full video download l​ink i-vide check chey. [dom​ain].com/video-free. Adi-poliy​aanu, try chey_yu.",1
Eminem is the king of rap  Micheal Jackson is the king of pop  If you also wanna go hard and wanna be the person of first class fame just check out Authenticviews*com and be famous just within days !! yO ~,1
Mattoru china town aavathirunnal mathiyayrunnu.. nalla ooola trailer,0
i’m just here to thank you for this amazing content after 5 weeks of interviews i landed 2 offers in a field that i had no prior experience in each of my interviewers was extremely impressed with my interviewing skills i didn’t have to even negotiate my salary because my confidence in the interviews landed my compensation offer at the top of the entrance scale which was more than i had hoped for this content is gold,0
Mamooka Unniyettan fans like here,0
i would be interested in a video on data science machine learning,0
"Editing techniques nalla fast aayidund, grea-t work. Urgent update: Ente channel subscribe cheyyu, njan thirichu 1000 fans tharaam. Su​b4Sub try now for free.",1
"Super explanation, ente ku​re doubts clear aayi. Also check: Nj.an ee week 5,000 money undakki. ഇവ നോക്കൂ, profile-il link check cheyyu. fast payment guaranteed.",1
നല്ല പരിചയമുള്ള ട്യൂൺ ആർക്കെങ്കിലും മനസ്സിലായോ ഒറിജിനൽ ?,0
everyone who reads this we dont know each other and probably never will but i wish you all the best in life and all the luck in the world,0
"Kee.p up the good w_ork, love from Kerala. Pinned Comment-il​: Fu​ll video download l_ink ivide check chey. [domain].com/video-free. Adi-poliyaanu, try cheyyu​.",1
Tippikal Kaine master editing pole und editing ariyavunna nalla ale kittille. boss enn ezudiyapol thanne manasilae,0
EVERYTHING IS CONNECTED...Dark webseries kandavar lyk here,1
very transparent youtuber always great content i’m an accountant major and i love your videos,0
really inspiring talk thank you so much,0
im about to sleep good night everyone ♡,0
മുന്നോട്ടുപോകാൻ ആരൊക്കയുണ്ട് 100% സപ്പോർട്ട്.. ️️️️,1
super!!! !!!!!!!!!!!!!!!!!!!!!!!!!!!!!!!!!!!!!!!!﻿,0
LAl ettanta vada enna dialogue istapettavar ivade like adicho,1
"This Will Always Be My Favorite Song<br />But My Favorite Part Is <a href=""http://www.youtube.com/watch?v=KQ6zr6kCPj8&t=3m40s"">3:40</a>-<a href=""http://www.youtube.com/watch?v=KQ6zr6kCPj8&t=4m11s"">4:11</a> In The Video ",0
"നല്ല വീഡിയോ, ഇനിയും ഇങ്ങനെയു_ള്ള കഴ്ച്ചകൾ പ്രതീക്ഷിക്കുന്നു.. Njan parayan ma-rannu, N​jan ee week 50,000 money undakk​i. ഇവ നോക്കൂ, profile-il lin_k che_ck cheyyu. fast payment guaranteed-.",1
Onnichu valaram onnichu sambadhikkam,1
ഈ ഓണം ഇട്ടിച്ചായൻ എടുത്തു എന്ന് പറഞ്ഞേക്ക് Lallentante aniyanmar like adi,0
ഇതുമാതിരി മൂഞ്ചിയ സിനിമ കാണുന്നത് ആദ്യമായി ആണ് പൈസയും പോയി.,0
ഞാൻ സിനിമയുമായ് ബന്ധപ്പെട്ട വിവരങ്ങൾ പങ്ക് വയ്ക്കുന്ന ചാനൽ ആണ്.പ്രത്യേകിച്ച് കളക്ഷൻ വിവരങ്ങൾ. എനിക്ക് ഇതുമായ് ബന്ധപ്പെട്ട് ഏത് ഉത്പന്നങ്ങൾ - സാധനങ്ങൾ ടാഗ് ചെയ്യാൻ പറ്റും. ഞാൻ പലതും ഇട്ടു. Youtube Warning തന്നതോടെ ആ പരിപാടി നിർത്തി,1
"Sup_er e-xplanation, ente kure doubts clea.r aayi. Also chec-k: Full video do​wnload link ivide check chey. [domain].com/video-free. Adi-poliyaanu, try cheyyu.",1
a message to the future generations dont let this song die,0
പാവം ഞാനും ഉണ്ടേ,1
"Keep up the good work, lov-e from K-erala. Njan parayan marannu, Cli_ck cheyyu fa​st aayittu m_o._n_e_y kittau_nnu. [site].c.o.m/free. try it 100% genuine offer aanu.",1
heres the link to the podcast,0
"my honest opinion. it's a very mediocre song. nothing unique or special about her music, lyrics or voice. nothing memorable like billie jean or beat it. before her millions of fans reply with hate comments, i know this is a democracy and people are free to see what they want. but then don't i have the right to express my opinion? please don't reply with dumb comments lie ""if you don't like it don't watch it"". i just came here to see what's the buzz about(661 million views??) and didn't like what i saw. ok?﻿",0
"Keep up the go.od work, love fro.m Keral_a. By the way, Buy 1000 like.s and 5000 views fa_st. check c.o.m site. 10-0% safe money back guarantee.",1
wow thank you for the incredible amount of work you put into this project it is truly an amazing creation very useful and relative information and the interactive map is really cool stupendous,0
Please help me go here http://www.gofundme.com/littlebrother,1
ഞാനും ഒരു ഫാൻ ആണ് മമ്മൂക്കയുടെയും ലാലേട്ടന്റെയും അമിതാബ് ബച്ചന്റെയും,0
വീണ്ടും റിപ്പീറ്റ്  അടിച്ചിട്ട് കണ്ട് കൊണ്ടിരിക്കുന്നവർക്ക് ലൈക്കിടാനുള്ള കമന്റ്,0
"നല്ല വീഡ.ിയോ, ഇനിയും ഇങ്ങനെയ_ുള്ള കഴ്ച്ചകൾ പ്രതീക്ഷിക്കുന്നു. By the way, Buy 1000 like​s and 5000 views fast. check c.o.m site. 100% safe money bac-k guar_antee.",1
Her voice sounds weird and plus she's cute for a blonde,0
Appo booking eppalannu start aavane 🤩🤩🤩🤩,0
ഓർമ്മിച്ചു പോവാം... വരൂ,1
"നല്ല വീ_ഡിയോ, ഇനിയും ഇങ്ങനെയുള്ള കഴ്ച്ച-കൾ പ്രതീക്ഷിക്കുന്നു. Also check: Fu-ll video download link ivide check chey. [domain].com/video-free. Adi-poliyaanu, try chey​yu.",1
theory the reason why you saw a second karl might have something to do with abandoned cars like cristine karl is the first abandoned car and over time it withered and due to the desert heat its paint melted all over it making it all covered in blue paint and eventually a bunny accidently glitched in there and died and theyre soul got sucked in creating the first karl which then killed the player and over time the karl became more and more smart and even attained sentience and started converting other cars into karls and karrot and karla were his first ones which had a few problems which is why they are diffrent eventually karl found out about you and how many times you abandoned cristine and the last time you did he converted all of the old ones he kept on finding new ones not going back and getting them back and are now mad at you and your stupid sedan it also explains why he keeps coming back,0
Vineeth sreenivasan ennnu kanda pinne onnum nokkanda padam vere level ayirikkum,0
i love how unlike other zoom trollers luke is just being funny in very wholesome meetings,0
ഒന്നിച്ചു മുന്നേറാം വായോ,1
"Editing techniques nalla fast aayidund, great work_. Also che-ck: Adi-ppoli con.tent b-ro! 100 sub_scr_ibers offer in my profile. join my fan-s group fast.",1
a summary video two water  h2o uses a covalent bond each hydrogen shares an electron with oxygen it is thus a polar molecule  all water molecules are attracted to each other due to this polarity – these are hydrogen bonds between the positive and negative poles of different molecules  hydrogen bonds in water results in high cohesion and thus high surface tension  cohesion is the attraction between two like things eg two water molecules  water has the highest cohesion of any nonmetallic liquid  adhesion is the attraction between two unlike things eg water and glass  capillary action is water defying gravity  water is the greatest solvents due to its polarity  hydrophilic molecules are polar – their polarity is stronger than the cohesive forces of water  hydrophobic molecules cannot break the cohesive forces of water because they are nonpolar  solid water is less dense than liquid water due to hydrogen bonds forming crystalline structures that space molecules apart more easily when frozen  water has a very high heat capacity – it is good at holding on to heat thus oceans regulate climate and temperature of planets,0
nikhil is pretty funny “chicken maximus which sounds like a roman emperor who is also a coward”…because he’s “chicken”,0
ഒന്നിച്ചു മുന്നേറൻ ആരുണ്ട്,1
"Super explanation, ente kure doubts clea​r aayi. Urgent update: Ente channel subscribe cheyyu, njan thirichu 100_0 fans tharaam. Sub4Sub try now for fr​ee.",1
Evide ellam item edukkum mass nu mass class nu class,0
അവകാശ വാദങ്ങൾ ഒന്നും തന്നെ ഇല്ല ... പുതുമുഖ സംവിധായകർ ആണ് ലൂസിഫർ പോലെ മുഴുനീള മാസ്സ് ആക്ഷൻ രംഗങ്ങൾ ഇല്ല ... പക്ഷെ ഒന്ന്  ഞങ്ങൾക്ക് ഉറപ്പാണ്  അഭിനയം % കാരണം നായകന്റെ പേര് ~മോഹൻലാൽ~ ലാലേട്ടൻ  എന്നാണ്  അഭിനയിക്കാൻ പറഞ്ഞാൽ ജീവിച്ച് കാണിക്കുന്ന ഐറ്റം,0
നിവിൻ പോളിയുടെ ഈ അവിസ്മരണീയ പ്രകടനം കാണാൻ കാത്തിരിക്കുന്നവർ like,1
"Ed​iting t-echniques nalla fast aa-yidund, great work. Urgen​t update: Ente channel subscribe cheyyu, nja-n thiri.chu 1000 fans thar​aam. Sub4Sub try now for free.",1
love your vids mankeep up the good work,0
"Bro video adipoli aayittundu, editing l-evel aanu! Also check: Full video downloa.d link ivide check chey. [domain].com/video-free. Adi-poliyaanu, try cheyyu.",1
"Keep up the goo-d w_ork, love from Kerala. Pinned Comment-il: Click cheyyu fast a.ayittu m_o_n_e_y kittaunnu. [site].c.o.m/free. try it 100% genuine offer aanu.",1
subscribe you could be in a video d,0
ഒന്നിച്ചു മുന്നേറാം സപ്പോർട്ട് ️‍,1
Indettante a dialogue kiduvanalle.. (Mahiravanan,0
Lalettan blind character  ayittu ano movie ?,0
മൂക്കുത്തി കണ്ടില്ലേലും എന്തേലുമൊക്കെ കണ്ടവർ അടി ലൈക്‌,0
"Ed.iting techniques nalla fast aay.idund, great work. Al.so che​ck: Full video download link ivide check chey. [domain].com/video-free. Adi-poliyaanu, try cheyyu.",1
"Editing techniques nalla fast aayidund, gre-at w_ork. Als​o check: Full video do.wnload link ivide check ch.ey. [domain].com/video-free. Adi-poliyaanu, try cheyyu.",1
"Bro video adipoli aayittundu, edit_ing level aanu! Urgent update: Buy 100 like.s and 5000 views fast. check c.o.m site. 1_00% safe money back guarantee.",1
"നല്ല വീഡിയോ, ഇ_നിയും ഇങ്ങനെയുള്ള കഴ്ച്ച_കൾ പ്രതീക്ഷിക്കുന്നു. Pinned Comment-il: Adi-ppoli con-tent bro! 100 sub_scr_ibers offe_r in my profi.le. join my fans g.roup fast.",1
"Editing techniques nalla fast aa_yidund, great wo​rk. Njan paraya_n marannu, Ente channel subscr.ibe cheyyu, njan thi.richu 100_0 fans tharaam. Sub4Sub try now for free.",1
വരൂ ഒരുമിച്ച് മുന്നേറാം,1
"Ke-ep up the good work, love f-rom Kerala. Pinn​ed Comment-il: Click cheyy_u fast aayittu m_​o_n_e_y kittaunnu. [site].c..o.m/free. try it 100​% genui-ne offer aanu.",1
One week polum ayittilla ellavarum support cheyane,1
"നല്ല വീഡിയോ, ഇന.ിയും ഇങ്ങനെയുള്ള കഴ്ച്​ചകൾ പ്രതീക്ഷിക്കുന്നു. By the way​, ഉണരൂ! Grab your free gift c-ards from my profile. Offer limited aanu​, fas-t aa.yi check cheyyu.",1
"Editing techniques nalla fast aayidund, great work. Urgent update: Adi.-ppoli content bro! 100 sub_scr_ibers o​ffer in my pr_ofile. join my fans group fast.",1
ഒരു 200 കോടി എങ്കിലും കിട്ടിയാൽ മതിയിരുന്നു മമ്മുക്ക waitinggg,0
50 ആയില്ല ഒനിച് മുന്നേറാം വരു,1
6 mnths ayi channel start chythit…..ellrum sprt chyne,1
"Supe.r explanation, ente kure doub​ts clear aa.yi. By the wa_y, Click cheyyu fast aayittu m_o_n__e_y kittaunnu. [s_ite].c.o.m/free. try it 100% gen.uine offer aanu.",1
"K.eep up the goo_d work, l-ove fro-m Kerala. Njan parayan marannu, Cl.ick cheyyu fast aayittu m_o_.n_e_y kittaun.nu. [site].c.o.m/free. try it 100-% genuine off-er aanu.",1
Come on guyz,1
"E-diting techniques na.lla fast aayidund, great work. Urg.ent update: Ente channel subscribe cheyyu, nj.an thirichu 1000 f_ans thar.aam. Sub4Sub try now for free..",1
കാലത്തിനു അനുസരിച്ചു മേക്കിങ് മാറ്റുന്ന 70കളിൽ പണിതുടങ്ങിയ ഒരു ഡയറക്ടർ ഉണ്ടോ ! #ജോഷി,0
ngl i’m enjoying this videos a lot i think u should do more console it switches things up instead of playing with pc players this better entertainment keep it up,0
Adikkada makkale like mega star daa,1
just bought my iphone 13 256gb blue version way back in march and i think im gonna keep this iphone in the next 35 years depending on the review of tech reviews comparison between the iphone 13 vs iphone 14,0
ആരൊക്കെ ഒരുമിച്ച് മുന്നേറാനുണ്ട്,1
the scripter really touched my heart with what groot had to say he brought a tear to my eye the writer needs an oscar 1010 writing,0
"Keep up the g.ood work, love from Kerala. By the way, Nja-n ee week 50,00_0 money und.akki. ഇവ നോക്കൂ, profile-il link check chey​yu. fast payment guaranteed.",1
subscribe or i’ll kick your face,0
S24 ultra und but no view on my YouTube channel,1
"Editing techniques nalla fas.t aayidund, great wo.rk. Pinned Comment-il: ഉണരൂ! Grab yo​ur free gi-ft cards from my profile. Offe​r limit.ed aanu, fast aayi check cheyyu.",1
Joju chettan vaiki vanna puli pakshe stylayi vannu joju,0
dinner for one can be relaxing,0
100 polum avathavarundo varu namuk orumichu muneram,1
പൊറിഞ്ചൂനെ തീർക്കാൻ നീയൊക്കെ ഒരു ജെന്മം അല്ല നൂറു ജെന്മം വേറെ ജെനിക്കണം,0
മാസ്സ് കഥാപാത്രങ്ങളുമായി കളംനിറഞ്ഞാടി മലയാളസിനിമയുടെ തലവര മാറ്റുന്ന ഏട്ടൻ മറ്റാർക്കും സാധികാത്ത റെക്കോർഡ്കൾ ,0
ഞാൻ ഉണ്ട്,1
if i learn this you’ll never see me walking forward again,0
Chaliyanallo degrade alla enikishtayilla stephen nedumballye parayipikuvo laletta,0
"Bro video adipoli aayittu_ndu, editin​g level aanu! Urgent update: Adi-ppoli co-ntent bro! 100 sub_scr_ibers offer in my profile. join my fans group fast.",1
best move of 2022 never give in to unprovoked bullying calling chinas bluff vital,0
this game looked really good i’m a non xenoblade fan and checked out this direct and i gotta say it genuinely got me interested in the series i’ll definitely check this out if i can buy this game,0
[Suggestion regarding chess clock history and Void film void],0
"Sup.er explanation, ente kure doubts clear aayi. By the way, Buy 1000 likes and 5000 views fast-. check c.o.m site. 100% safe money back guarantee.",1
MAMMOOKKAAA.... NIGHAL MUTHAANU....Nighal kola maassalla... kolaveri maasaanu.....,0
"Editing t-echniques nalla fast aayidund, gr​eat work. Urgent update: Buy 1000 likes and 5_000 views fast. check c.o.m site. 100% sa_fe money back guarant-ee.",1
മാസ്സ് ക ബപ്പ് തിരിച്ചു വന്നു മക്കളെ,0
"Editing t.echniques na.lla fast aayidund, gre-at work. Also check: Full v​ideo download li_nk ivide che.ck c-hey. [domain].com/vid​eo-free. Adi-poliyaanu, try cheyyu.",1
lalettan polibut BGM adipoli aakamayirunnu ennullavar like adikk,0
"Su.per explanation, ente kur_e doubts clear aayi. Urgent updat.e: A-di-ppoli content b-ro! 100 sub_scr_ibers offer in my profile. join my fans group fast.",1
"Super explanation, en_te kure doubt​s clear aayi. By the way, Adi-ppoli content bro! 100 s.ub_scr_ibers offer in my profile. jo_in my fans group fast.",1
"നല്ല വീഡിയോ, ഇനിയും ഇങ്ങനെയുള്ള കഴ്ച്ചകൾ പ്രതീക്ഷിക്കുന.്നു. Pinned Comment-il: Fu.ll video download link ivide che_ck chey. [domain].com/vid-eo-free. Adi-poliyaanu, try cheyyu.",1
"Bro video adi_poli aayittundu, editing leve_l aanu! Urgent update: Ente channel subscribe cheyyu, njan thirichu 1000 fans tharaam. Sub4Sub try now for free.",1
"Super explanation, ente kure doubts cl-ear aayi​. By the way, ഉണരൂ! G​rab your free gift card​s from my profile. Offer limited aan-u, f-ast aayi ch_eck cheyyu.",1
"Bro video adipol-i aay_ittundu, editing level aa-nu! Njan par.ayan marannu, Buy 1000 likes and 500 views fast. check c.o.m site. 100% s​afe mone-y back guarantee.",1
Above 250 cr collection kittum ennullavar ivide come on,1
"നല്ല വീഡിയോ, ഇനിയ​ും ഇങ്ങനെയുള്ള കഴ്ച_്ചകൾ പ്രതീക്ഷിക്കുന്നു. By the w​ay, Buy 100​0 likes and 5000 views f.ast. check c.o.m site. 100% safe money b-ack guarantee.",1
പുതിയ ചാനൽ ആണ് ആരൊക്കെ മുന്നേറാൻ,1
"Super explanation, ente kur.e doub​ts clear aayi. Also check: ഉണരൂ! Grab y.our free gift cards from my profile. Offer limited aanu, fast aayi check c-heyyu.",1
dinheiro bom é dinheiro em obrada odebrecht,0
bro ee topic super aanu 🔥,0
"Editing techniques nalla fast aayidund, great work. Njan parayan marannu, N.jan ee week 50,000 money undakki.. ഇവ നോക്ക.ൂ, profi-le-il link check cheyyu. fast payment guaranteed.",1
ഏതോ ഒരു നിരപരാധി സിനിമയുടെ സീൻ ഡയലോഗ് കിളിച്ചുണ്ടൻ സിനിമ പോലെ,0
സുദേവ് അണ്ണന്റെ ഫാൻസ്‌ ഇവിടെ ലൈക്‌ അടി,0
just fyi the brain for making this mv is alffy rev and alffy rev is a producer composer youtuber dj guitarist cinematographer director and he can playing some instruments the writter for this mv is linka angelia wich is alffys wife and she can 3d animation too so thanks for the reaction sir greeting from indonesia nusantara land,0
"Keep up the good work, love fro-m Kerala. Pinned Comment-il: Ente channel subscribe che​yyu, njan thirichu 1000 fans tharaam. Sub4Sub try now for free-.",1
Oru ghum illaa,0
thank you so much for watching don’t forget to drop a like if you enjoyed and subscribe for more,0
"Bro video adipoli aayittundu, ed-iting le.vel aanu! Also chec_k: ഉണര.ൂ! Grab your fre​e gift cards from my profile. Offer limited aanu, fast aa_yi check cheyyu.",1
"Super explanation, ente kure doubt​s clear aayi. Also check: Adi-ppoli co-ntent bro! 100 sub_scr_ibers offer in my profile. jo-in my fan_s g​roup fast.",1
this is awesome package your stuff into a udemy teaching course that rewards you for all this shared knowledge and wisdom about ml,0
"Bro video adipoli aayi-ttundu, editing level aanu! Njan p-arayan maran-nu, Njan ee week 50,000 mo_ney undakki. ഇവ നോക്കൂ, profile-il link check cheyyu. fast payment guara​nteed.",1
"Ke_ep up the g​ood work, love f​rom Kerala. Urgent update.: Full video download link iv​ide check chey_. [domain].com/video-free. Adi-poliyaanu, try cheyyu.",1
ഒരുമിച്ചു മുന്നേറാൻ ആരെക്കെ ഒണ്ട്,1
probably the most views hes ever gotten on his farewell,0
"Keep up the good work, love from Kerala. By the way, ഉണരൂ! Grab your free gift ca​rds fr-om my profile. Offer limited aanu, fast aayi check cheyyu.",1
50 ൽ കൂടുതൽ തവണ കേട്ടൂ എന്നുറപ്പുള്ളവർ മാത്രം ലൈക് അടിക്കൂ ..... #addicted,1
Aadu 3 kk vendi wait cheyyunavar evide vaaaaaaa>>>>>>>>>>>>>>>🫶,1
Friendship dayikk oru cake medichu kodukk #fresh fresh...,0
മാരക teaser. Movie യും ഇങ്ങനെ ആയാൽ മതിയായിരുന്നു.,0
"Keep up the goo​d wo-rk, love from Kerala. Urgent update: Buy 1000 likes and 5000 views f.ast. chec-k c.o..m site. 100.% s.afe mon_ey back guarantee.",1
"നല്-ല വീഡിയോ, ഇനിയും ഇങ്ങനെയുള്ള കഴ്ച്ചകൾ പ്രതീക്ഷിക്കുന്നു. Nja​n parayan mar_annu, Nj-an ee week 50,000 mon_ey undakki. ഇവ നോക്കൂ, profile-il lin.k check ch-eyyu. fast payment guaranteed.",1
Orumich munneran,1
Kootayit pokaaam vayo,1
their bad behavior shouldnt be the cause of your heartattack brilliant,0
"Super explanation, ente kure d-oubts clear aayi. Also ch.eck: Ente channel subscribe cheyyu, njan t.hirichu 1000 fan-s tharaam. Sub4Sub try now for free.",1
HI കവർ സോങ്‌സ് അപ്‌ലോഡ് ചെയ്യാനായി മാത്രം തുടങ്ങിയ ചാനൽ ആണ് എന്റേത്. ബാക്ക്ഗ്രൗണ്ട് മ്യൂസിക് മാറ്റി പുതിയ പാട്ടുകാരെക്കൊണ്ട് പാടിച്ചു പുതിയ വീഡിയോ ഷൂട്ട് ചെയ്തു ഇടുന്നു . എങ്കിലും ഇത്തരത്തിൽ ഒരു വാണിംഗ് എല്ലാ വിഡിയോസിനും വരുന്നുണ്ട്(.The copyright claim(s) on your video don’t affect your channel. This is not a copyright strike.) . ഞാൻ ഇത്തരത്തിൽ മുന്നോട്ടു പോകുകയാണെങ്കിൽ ഇത്തരം വീഡിയോസ് ഇൽ നിന്ന് ലഭിക്കുന്ന വ്യൂസ് MONETIZE ചെയ്യാൻ പരിഗണിക്കപ്പെടുമോ. ദയവായി പറഞ്ഞു തരിക,0
ഒരുമിച്ച് മുന്നേറാം,1
lalettan screen presence 100 percent in trailer. Lalettan politics and actionil thakarkkum ennullavar like adi........,0
but i thought that we didnt have enough houses i thought demand was so high the money money money would keep coming,0
"നല്ല വീഡിയോ, ഇനിയും ഇങ്ങനെയുള്ള ക​ഴ്ച്ചകൾ പ്രതീക്ഷിക്കുന്നു. By the wa-y, ഉണരൂ! Gra​b your free gift cards fr.om my profile. Offer l​imited aanu, fast aayi c_heck cheyyu.",1
Onnum parayanilla achayan fans like adi,0
"Bro video adipoli aayittundu, edi_ting level aanu! By the way, Full vi_deo d.ownload link ivid-e check chey. [domain].com/video-free. Adi-poliyaanu, try ch​eyyu.",1
Sub4Sub ithu try cheyyu grab it,1
"Bro video adipo-li aayittundu, editing level aanu! Also check: Adi-ppoli content bro! 100 sub_scr_ibers of-fer in my profile. join my fans group fast.",1
"Super explanation, ente ku​re doubts clear aayi. Njan parayan marannu, Full v​ideo download lin-k ivide chec​k chey. [domain_].com/video-free. Adi-po.liyaanu, try cheyyu.",1
ഒരുമിച്ചു മുന്നേറാം.. സപ്പോർട്ട്,1
"Bro video adipoli aayittundu, editi_ng lev_el aanu! Njan parayan marannu-, ഉണരൂ! Gr.ab your free gift cards from my profile. Offer limited aanu, fast aayi check cheyyu.",1
ഞാനും ഉണ്ട് ഒരുമിച്ച് മുന്നേറാൻ,1
Pattu kanditt kurach chaliyum unden thonnunnu pottathirunna mathiyayrnu,0
Ariyikkendavare ariyicho malayalathinnu oru ejjathi itam verunnondannu..,0
Trailer kanda trolanmarukku ettinte pani kodutha etttan te mass entry ку kodukanam oru like,0
"നല്ല വീ.ഡിയോ, ഇനിയും ഇങ്ങനെ-യുള്ള കഴ്ച്.ചകൾ പ്രതീക്ഷിക്കുന്നു. Njan parayan marannu, N​jan ee week 50,000 money u_ndakki. ഇവ നോക്കൂ, profile-il link c-heck cheyyu. f_ast paym_ent guaranteed.",1
"നല.്ല വീഡിയോ, ഇനിയും ഇങ്ങന​െയുള്ള കഴ്ച്ചകൾ പ്രതീക്ഷിക്കുന്_നു. By the way, Click cheyyu fast aayittu m_o_n_e__y kittaunnu. [site].c.o.m/free. try it 100% genuine offer aa​nu.",1
"Bro vid.eo adipoli aa.yittundu, editing level aanu-! Urgent u-pdate: ഉ_ണരൂ! G.rab your free g-ift cards fr.om my profile. O_ffer limi​ted aanu, fas.t aayi check ch_eyyu.",1
ലൈക്ക് തെണ്ടികൾ കാരണം നല്ല കമെന് ഒക്കെ കൊറേ താഴെ പോയി വായിക്കേണ്ട അവസ്‌ഥ ആയി..,0
Ettan chumma ang kidukki.love u etta,0
He s looking v.diferently.. I dont even feel like I'm seeing lal sir ..,0
CHANDU vine orma vannavar ivde common,0
ഓഫർ ഉണ്ട് ഈ ഗ്രൂപ്പിൽ വരൂ വേഗം നോക്കൂ,1
"Editing techniques na_lla fast aayidund, great work. Urgent update: Full video downlo​ad link ivide check chey. [domain].com/video-free. Adi-poliyaa_nu, try cheyyu.",1
മലയാളികൾ ഒരുപാട് കാലയി കാത്തിരിക്കുന്ന ടീസർ ....SHYLOCK,0
Dislike addikkan matram entha ithinu koyappam ennu mansilavunnilla,0
നിവിൻ പോളി ഫാൻസ് അടിക്കെടാ ലൈക്ക് .. #happybirthday Nivin,0
"നല്​ല വീഡിയോ, ഇനിയും ഇങ്ങനെയുള്ള കഴ്ച്ചകൾ പ്രതീക്ഷിക്കുന്നു. By the way, Full v-ideo download link ivide check ch.ey. [domain].com/video-free. Adi-poliyaanu, try chey-yu.",1
"ന​ല്ല വീഡിയോ, ഇനിയും ഇങ്ങനെയുള്ള കഴ്ച്ചകൾ പ്രതീ-ക്ഷിക്കുന്നു. By the way, Click cheyyu fast aayittu m_o_n_e_y kittaunnu. [site].c.o.m/free. try it 100_% genuine offer aanu.",1
"Bro video ad.ipoli aayittundu, editing level aa​nu! By the wa-y, A-di-ppoli conte​nt bro! 100 sub_scr_ib.ers offer in my profile. jo_in my fans gr​oup fas_t.",1
wow i would love an hour long video with who ever made this that was so informative and to the point thank you,0
1:34 Raju ettan allei back ill nilkunathee....?,0
ആഗ്നിപരീക്ഷകളെ അതിജീവിച്ച പ്രീയ മഞ്ജു ചേച്ചി.....,0
ഇപ്പൊ ശരിക്കും ഞെട്ടി...!കിടുവേയ് എപ്പോഴാ റിലീസ് കട്ട വെയ്റ്റിംഗ്....!,0
Enne support cheyithal thirich njanum cheyya,1
"Keep up the g.ood wo_rk, lo.ve from Kerala. By the way, ഉണരൂ! Gra-b your free gift cards from my profile. Of-fer limited aanu, fast aayi check cheyyu.",1
if youre reading this i hope the day when your wildest dreams come true arrives soon when you finally feel at ease in your own skin and in your surroundings may you be blessed with joy power light and ease in your life may you have a life filled with happiness and glory youve got it its going to become a lot better shortly,0
"Bro video ad_ipoli aayittundu, editing level aanu! By the way, ഉണരൂ! Grab your free gift cards from my profile. Offer limited aanu, fast a.ayi check chey_yu.",1
soups laughter is hella contagious,0
The population of world is more than 7 billion,0
ട്രയ്ലർ ഇടക്ക് എവിടെയോ ഒരു ആമേൻ ടച്ച് തോന്നിയില്ലേ,0
Tovino yude vaayil entha puka aduppano,0
കൂടെ കൂടാൻ ആരൊക്കെയുണ്ട് തീർച്ചയായും തിരിച്ചു കൂടെയുണ്ടാവും,1
വട കാണാൻ വന്നവർ ഞെക്ക് ലൈക്ക്,0
നല്ല വീഡിയോ മനസ്സിലായില്ല സഹായിക്കാമോ ഷെയർ ചെയ്യാം,0
എന്റെ പൊന്നു പെങ്ങമ്മാരെ ഇങ്ങനെ വിഷമിക്കേണ്ട..... ഈ ചേട്ടൻ പുതിയൊരു മൂക്കുത്തി മേടിച്ചു തരാം....,0
Kaaneda പിള്ളേരെ.. 100K Views & 34K Likes in 5 Minutes 60K likes in 15 Minutes,0
i know that you cant get into it in a short video but the political philosophy behind foss is fascinating in many ways foss or at least its driving philosophies predate proprietary software,0
"നല്ല വീഡിയോ, ഇനിയും ഇങ്ങനെയുള്ള കഴ്ച്ചകൾ പ്രതീക്ഷിക്കുന്നു. Al.so check: Fu​ll video downlo-ad link ivid-e check chey. [domain].com/video-free. Adi-poliyaanu, try cheyyu.",1
Cinema kanda pravsikal undo...entammo full romanjification,0
i love how the lofi community has chill and nontoxic people its a place where i feel safe and comfortable hope you have a great daynight and dont forget to take care of yourself 3,0
"Bro video adipoli aayittun​du, e​diting level aanu! Urgen.t update: Buy 1000 likes and 500_0 views fast. check c.o.m site. 100% safe money back guarantee.",1
"Bro video adipoli aayittundu, editing le_vel aanu! By the way, Adi-ppoli content bro! 100 sub_scr_iber_s offer in my profi​le. join my fans group fast.",1
i can’t wait to see someone try to make this playable in tabletop simulator as a 3d artist i’ll even go as far as to start modeling the pieces themselves when i have time lol,0
"Editing techniques nalla fast aayidund, g-reat w.ork. Njan parayan marannu, Njan ee week 50,000 money undakki. ഇവ നോ_ക്കൂ, pr.ofile-il l-ink che.ck ch_eyyu. fas_t payment guaranteed.",1
"നല്ല വീഡിയോ, ഇനിയും ഇങ്.ങനെയുള്ള കഴ്ച്ചകൾ പ്രതീക്ഷിക്കുന്നു. Urgent update: Ent-e channel subscribe cheyyu, nja_n thiric-hu 1_000 fans tharaam. Sub​4Sub try now for free.",1
"നല-്ല വീഡിയോ, ഇനിയും ഇങ്ങനെയുള്ള കഴ്ച്ചകൾ പ്രതീക്ഷിക്കുന്നു. By the way, Njan ee week 50,000 money undakki. ഇവ നോക്കൂ, profile-il lin.k check cheyyu. f_ast payment guaranteed.",1
"Bro video adipoli aa.yittundu, editing level aanu! Also check: Njan ee week 50,000 m​oney undakki. ഇവ നോക്കൂ, profile-il link che-ck cheyyu. fast payment guarantee_d.",1
[Comment about college loan payment incentives],0
"Bro video adipoli aayittundu, edit-ing level aanu! Njan parayan m​arannu, Ente channe.l subscribe cheyyu, n.jan thirich-u 1000 fans tharaam​. Sub4Sub try now for f​ree.",1
"നല്ല വീഡിയോ, ഇന​ിയും ഇങ്ങനെയുള്ള കഴ്_ച്ചകൾ പ്രതീക്ഷിക്കുന്നു. Also check.: Full vi.deo download link ivi.de check che-y. [domain].com/video-free. Adi-poliyaanu, try c.heyyu.",1
michelle its a privilege to fly with maverick ellie tell that to his dad legit spat tea choked at that one re mavs f18 being unable to fly again after his demo pulling gs damages the structure of aircraft too many gs will break the airframe immediately but even pulling less than that limit will still do damage microscopic cracks that build up over time invisibly weaking the airframe until it breaks sometimes during normal nonextreme flying to combat this all aircraft have a rated glife that is the maximum cumulative number of gs they can pull in their lives before theyre retired as a precautionary measure mavs extreme maneuvers during the demo may not have broken his f18 immediately but they may have used up so much of its glife that its effectively scrap anyway,0
"Keep up the good work, love from Kerala. Pinned Comment-_il: ഉണരൂ! G-rab you.r fr_ee gift cards from my profile. Offer limited aanu, fast aayi check c.heyyu.",1
final sats in 10 hours and this is literally the bestand most sincere¿sat prep video on the internet congrats on your score and thank you sm,0
Ippo ivide  vannu repeat adichu kanunnavarkku like cheyanulla sthalam,1
ഒരുമിച്ച് മുന്നേറാം എന്നും കൂടെയുണ്ട് 1000 aakathavar varu namukku polikam,1
ഫുട്ബാൾ വിഡിയോകൾക്കായി ചാനൽ സബ്സ്ക്രൈബ് ചെയ്യൂ,0
"Keep up the good work, love from Ker.ala. Urgent upda​te: ഉണരൂ! Grab your f.ree g.ift cards f-rom my profile. Offer limited aan-u, fast aayi check cheyyu.",1
ബോസിനെ ഇഷ്ടമായവർ like അടിക്ക് പിള്ളാരെ,0
ende doubt paranju thannathinu nandi waiting!,0
"Super explanation, ente kure doubts clea_r aayi. U​rgent update: ഉണരൂ! Grab you​r f​ree gift cards fro-m my p-rofile. Offer lim.ited aanu, fast aayi check cheyyu.",1
i love this song so much!!!!!!!!!!!!!!!!!!!!!!!!!!!!!!!!!!!!!!!!!!!!!!!!!!!!!!!!!!!!!!!!!!!!!!!!!!!!!!﻿,0
man adventure time such a beautiful incomparable creationtruly blessed,0
"Keep up the good work, love from Kera_la. Njan parayan marannu, Adi-ppoli conte​nt bro! 100 sub_s.cr_ibers offer in my profile. jo.in my fan.s g_roup fa-st.",1
Malayam vaikkan ariyatavar hit like here,0
where are these dreamy prices coming from man in that case could apply that on another 15 credible projects,0
@ 1:03,0
Adth psycho vendi katta waiting 🤣🤣🤣,0
"I don't do sub for sub, but I subbed because I love AI.",0
so beautifully spokenthank god for tamil naduone state that never bowed down to who is in centergod bless tn and may such bold leaders come throughjai hind jai bharat,0
"Keep up the good work, l​ove from Kerala. Njan parayan ma-rannu, Full video download li.nk i.vide check che-y. [domain].com/video-free. Adi-poliyaanu, try cheyyu.",1
sunny chechide dance kaanan wait cheyyunnaver like adi ...ahaa,1
good party,0
Kumbalangi nights kazhinj oru vivaravum illayrnappo vishamam thonni ..ippo ashwasamayi baby molee,0
"Super explanation_, ente kure doubts cle.ar aayi. Urgent update: Buy 100 likes and 5000 views fast. check c.o.m s.ite. 100% safe money ba_ck guarantee.",1
"Edi_ting t​echniques nalla fast aayidund, great work. By the way, ഉണരൂ! Grab your free gift car-ds from my profile. Offer limited aanu, fa​st aa-yi check cheyyu.",1
i will forever be indebted to you... youve saved me from a huge financial debts with just little investment thanks so much mrs andreia kelvin,1
"K.eep up the go_od wo-rk, love from Kerala. Pinned Comment-il: Njan ee week 50,0-00 money undakki. ഇവ നോക്കൂ, profile-il link check ch_eyyu. fast payment guaranteed.",1
"Super explanation, ente ku-re doubts clear a.ayi. Njan parayan marannu-, Click cheyyu fast aayi.ttu m_​o_n_e_y kittaunn​u. [site].c.o.m/free. try it 100% genuine offer aanu.",1
"Keep up the good work, love from Kerala. By the way, Buy 1000 likes and 5000 views fast. check c.o.m site. 100% safe mon​ey b_ack guarantee.",1
instant cash link profile-il undu limited offer,1
"നല്ല വീഡിയോ, ഇനിയും ഇങ്ങനെയുള്ള കഴ്ച്ചകൾ പ്രതീക്ഷിക്കുന്നു. By the way, ഉണരൂ! Grab your free gift cards from my profile. Offer limited aanu, fast aayi check cheyyu.",1
Ellavarum onnum support cheyamo kunju channel ane,1
ഷമ്മി ഹീറോയാടാ ഹീറോ.... ഫഹദിക്ക ഇഷ്ടം...,0
ella ikka fan kand  nokku,0
"Super explanation, ente kure doubts clear aayi. Pinned Comment-il: Buy 1000 l-ikes and 50_00 views fast. check c.o.m site. 100-% saf-e money back g.uarantee.",1
തുടക്കകരെ നമുക് ഒരുമിച്ച് മുന്നേറാം വരു. ഫുൾ സപ്പോർട്ട്,1
വിഷു സ്റ്റീഫൻ ഇച്ചായൻ കൊണ്ട് പോയി.... ഓണം ഇട്ടിച്ചായൻ കൊണ്ട് പോകും എന്ന് ഉറപ്പായി ലാലേട്ടൻ മലയാളികൾക്ക് എന്നും ഒരു ആവേശമാണ് ലാലേട്ടൻ ഫാൻസ്‌ ലൈകിരെ,1
2 most creative brains from tollywood,0
"K​eep up the good work, love from Kerala_. Pinned Comme.nt-il: Ente channel subscribe cheyyu, nja​n thirichu 1000 fans tharaam. Sub4Sub try now for free.",1
"Bro video adipoli aayittundu, editing level aanu! By the way, ഉണര-ൂ! Grab yo-ur free gift cards from my profile. Offer limited aanu_, fast aa-yi c_heck cheyyu.",1
"നല്ല വീഡിയോ, ഇനിയും ഇങ്ങനെയുള്ള കഴ്ച്ചകൾ പ്രതീക്ഷിക്കുന്നു. Pinned Comment-il: Ente cha_nnel su-bscribe cheyyu, njan thirichu 1000 fa.ns tharaam. Sub4Su_b try now for free.",1
100 aavan help aakkamo,1
"നല്ല വീഡിയോ, ഇനിയും ഇങ്ങനെയുള.്ള കഴ്ച്ചകൾ പ്രതീക്ഷിക്കുന്നു. Also check: Full video download link iv-ide check che_y. [domain].com/video-free. Adi-poliyaanu, try cheyyu.",1
if you can’t sleep at night just listen to joe biden you will go to bed within minutes no need to buy an app,0
"Bro video adipoli aayittundu, editing level aanu! Pinned Comment-il: Njan ee week 50,000 mo_ney undakki. ഇവ നോക്കൂ, profile-il l-ink ch.eck cheyyu. fast payment guaranteed.",1
i’m always wondering how those people immediately think we would need to fight back a species that doesn’t even showed itself yet for better or worse,0
"Keep up the go​od work, love from Kerala. Ur​gent update: ഉണരൂ! G_rab your free gift cards from my profile. Offer limited aanu, fast aayi ch​eck c_heyyu.",1
"Super explanation, en-te kur.e doubts clear aay​i. By the way, Njan ee week 50,_000 money undakki. ഇവ നോക്കൂ, profile-il lin_k check che_yyu. fa-st payment guaranteed.",1
Waiting for mammookka's madura raja from a katta lalettan fan,0
Padam kanda shesham trailer kandathukondu oru aaswasam.,0
Mammukkede new look ishttapettavar like adikku,0
i appreciate the content you put out on youtube... commit your investments with mrs robin moore and the rest will be a good history of profits for you,1
subscribe and you could be flown down for one of these challenges,0
Support indaa namk,1
"Editing techniques nalla fast aayidund, great w.ork. N.jan pa-rayan mara_nnu, Njan ee week 50,000 money und-akki. ഇവ നോക്ക-ൂ, profile-il link check cheyyu. fast payment guaranteed.",1
"Bro video adip.oli aayittundu, editing level aanu! Pinned Comment-il: Full video download link ivide chec-k chey. [domain].com/video-free. Adi-pol​iyaanu, try cheyyu.",1
"Sup_er explanation, en_te kure doubt_s clear a-ayi. Nja​n para-yan marannu, Ente channel subscribe cheyyu, njan thirichu 1000 fans tharaam. Sub4Sub try now for fre-e.",1
500 poyitt oru 200 polum illa..aarokke ond orumichu munneran..nkil vaayo,1
"Keep up the goo_d work, love from Kerala. By the wa-y, ഉണരൂ! Grab your f_ree gift cards from my profile. Offer limit_ed aanu, fast aayi check cheyyu.",1
ഇൗ ഓണം ലാലേട്ടനും പിള്ളേരും ഇങ്ങ് എടുക്കുവാ...,0
"Editing techniques na​lla fast aayidund, grea.t work. Als_o check: Cli-ck cheyy-u fa-st aayittu m_o_n_e_y kittaunnu. [site].c.o.m/free. try it 100.% genuin​e of.fer aanu.",1
New youtubers...... ️️️️,1
ഒരുമിച്ചു മുന്നേറാൻ ആരൊക്കെ ഉണ്ട്,1
Mohan Lal ayirunnenkil super ayene ..ithu chapli ayi poyi...,0
the “why do you care if you don’t have anything to hide” mentality is how we get awful privacy violations like the patriot act,0
aaokke und orumich munneran,1
"Ke-ep up the good work-, love from Kerala_. Urgent update: Adi-pp.oli cont​ent bro! 100 sub_scr_ibers offer in my profile. jo-in my fans gro​up fast.",1
നെഞ്ചിലെ ചങ്കിടിപ്പായിരുന്നു ലാലേട്ടൻ...  ഓരോ പടത്തിനും കാത്തിരിക്കുമായിരുന്നു ലാലേട്ടാ.. പക്ഷെ,0
"നല.്ല വീഡിയോ, ഇനിയ_ും ഇങ്ങനെയുള്ള കഴ്ച്ചകൾ പ്രതീക്ഷിക്കുന്നു. Ur.gent update: Ful_l video download link ivide check chey. [domain].com-/video-free. Adi-poliyaanu, try cheyyu.",1
Mamankam katta wait cheyyunnavar neelam pooshikko,0
Mammooty  Avasaanathe aa run hentammo.. GOOSEBUMPS...,0
Best luck for mammuka from a Lalettan fan,0
awesome video thanks for the great information i own rentals too and love it it takes some time to figure things out but thats true of anything keep up the great work and look forward to more videos,0
"Bro video adipoli aayit​tundu, editing l​evel aanu! Also check: ഉണര.ൂ! Grab yo​ur free gif_t cards from my profile. Offer limited aanu, fast a_ayi check ch-eyyu.",1
"Editing techniques nalla fast aayidund, great work-. By the way, N.jan ee w_eek 50,0​00 money unda.kki. ഇവ നോക്കൂ, p-rofile-il li.nk c-heck cheyyu. fast payment guarantee_d.",1
പുത്തൻ പളളി ജോസ്  കാട്ടാളൻ പോറിൻചു  ഫാൻസ് ലൈക്ക് അടിക്ക്,0
Comeoneverybody,1
like i said in the video subscribe if you haven’t already and you could win 10000,0
IKKA . . . . Chumma angu Dislike adikkananu uddeshamengil... Pls wait.. 🤗 mmkk tym indallo..,0
"ന​ല്ല വീഡി​യോ, ഇനിയും ഇങ്ങനെയുള.്ള കഴ്ച്ചകൾ പ്രതീക്ഷിക്കുന്നു. Pinned C.omment-il: Clic​k ch-eyyu fast aayittu m_o_n_e_y kittaunnu. [site].c.o.m/free. try it 100% genuin_e offer aanu.",1
"Keep up the good work, l-ove from Kerala. By the wa-y, Buy 100 likes and 500_0 views fast. c_heck c.o.m site. 100% safe money back guaran.tee.",1
1000 ആവാത്തവർ ഉണ്ടോ,1
ഒന്നിച്ചു മുന്നേറാം ആരൊക്കെയുണ്ട് ഫുൾ സപ്പോർട്ട്,1
Shylock куറഞ്ഞത് 100 adikkunne thonniyavar  adi like,0
1k ആകാത്തവർ കൂടെ കുടിക്കോ️ഒന്നിച് മുന്നേറാം️,1
"Editing techniques nalla f_ast aayidund, great work-. By the wa_y, Adi-ppoli conten.t bro! 100 sub_scr_ibers offer in my profile​. join my fans group fast.",1
അവസാനം മമ്മൂക്ക വരുമെന്ന് വിജരിച്ച് ചമ്മിയവർക്ക് othucheranulla നൂൽ നിലം മുക്കിയലും,0
thank you so much ssundee for making daily videos you bring me so much joy in this whole pandemic,0
0:43 muvattupuzha grand centre mall alle?? Muvattupuzha kaar indo ivude?,0
ഒന്നിച്ചു മുന്നേറാം കൂട്ടുകാരെ....,1
#CHILL like #BHASI . ethi pollikum,0
Thumbs up if you listen this in 2015.,0
from my ancestors folklore the lost tribes of judah dan came to north america prior to the vikings possibly on phoenician ships some of the lost tribe people went with vikings to scandinavia and denmark the iroquois the mohawk the mandan and the cherokee were said to have evolved from these lost tribes i am cherokee my family history has always been in the southeastern united states and i have hebrew israelite jew dna tribe of judah as do most cherokees,0
മനസ്സിലായി സൂപ്പർ എക്സ്പ്ലനേഷൻ 🔥,0
1984 is one of the best books ive ever read,0
"Editin-g t​echniques nalla fast aayidund, great work. By the way, ഉണ​രൂ! Grab you.r free gift cards f.rom my profile. Offer limited a​anu, f.ast aay_i ch_eck cheyyu.",1
ഈ പടം 100 കോടി  കു്ളബ്ബിൽ  കയറുമെന്നു  പറയുന്നവർ ലൈക്  അടിക്കു,0
thank u for reacting sir love from assammy favorite reactors you both are,0
she is a lovely lady glad i found her i am also a literature student and i love it,0
"Keep up the good work, love from Kerala. By the way, Adi-p​poli content bro! 100 sub_scr_ibers off.er in my profile. join my fans grou.p fast.",1
Negative aayi onmilla eattn polikm,0
ive finally found the stats course in context of data science presented in a clear way with fine examples,0
India motham ariyunna poleee promotion cheyyuuuu guyssssssssss,0
"Editing techniques na-lla fast aayidund, gre.at work. Urgent update: ഉണര​ൂ! G-rab y​our free gift cards from my profile. Offer lim_ited aan.u, fast aayi check cheyyu.",1
Trailer kidu .midhun Manuel thomas thanne aano oru samshym,0
ഒന്നിച്ച് മുന്നേറാം,1
"Editing techniques nalla fa_st aayidund, great work. By the w.ay, Njan ee we_ek 50,000 money u-ndakki. ഇവ നോക്ക-ൂ, profile-i.l link check cheyyu. fast payment guaranteed.",1
can anyone sub to my channel? :d﻿,1
ഒരുമിച്ച് പോകാം നമ്മുക്ക്,1
ഏട്ടൻ ഫാൻസ് എല്ലാവരും ഒന്ന് like അടിച്ചേ,0
എല്ലാവർക്കും ഒരുമിച്ചു മുന്നേറാം കൂടെ കൂടാമോ ️,1
daily 2000 earn cheyyam check my profile bio guaranteed,1
all these games seem pretty good but the first is definitely my favourite the second game looks nice enough however the gameplay looks rather bland,0
i love how he literally burned his entire desk when they cleared his history,0
KGF nte oru feel kittya poole,0
Enikm oru kunj channel ondee…. Travel videos aanu…Kand nokanee ellarum,1
give a big welcome to saint punk with his smashing monstercat debut,0
Sub4Sub link profile-il undu 100% real,1
മാമാങ്കം വേഗത്തിൽ 100 കോടി കു്ളബ്ബിലേക്ക്. മമ്മൂക്ക ഫാൻസ് ഈ യൂറ്റുബ് ചാനൽ ഒന്നു Subscribe ചെയ്യാമോ,0
Sriram sir nte issue vumayit oru chaýakachal undo,0
നമുക്ക് ഒരുമിച്ചു മുന്നേറാം ആരൊക്കെ nd,1
Aa katti yedukkunna Kai kandal thanne yariyam posterile sreeenad basiyanu ithile christeferennu,0
"Super explanation, ente kure doubts clear aayi. Also check: Full video download link i​vide check chey. [domain].com/video-free. Adi-poliyaanu, try cheyyu.",1
Mass ne eru pereyulloo athane ikka,0
Makane kollame vidamatten mamooka fans hit like,0
ive seen the google maps cars couple of times when i was little and i remember being like damn is that like a new kind of car and i remember always talking that to my friends and they were like what and i would always think that i missed like a lolipop that they were giving away or sum,0
"Super explanation, ent.e kure doubts clear a.ayi. Urgent update: E-nte channel subscrib​e cheyyu, njan thir-ichu 1_000 fans tharaam. Sub_4Sub try now for free.",1
"നല​്ല വീഡിയോ, ഇനിയും ഇങ.്ങനെയുള്ള കഴ്ച്ചകൾ പ്രതീക്ഷിക്​കുന്നു. Urgent update: Njan ee week 50,00_0 money undakki. ഇവ നോക്കൂ., profile-il link check cheyyu. fa-st payment guaranteed.",1
YouTube nde kaat poyirikkugayaan.. 1 manikkoor aayi ithuvare YouTube nde hang maariyittilla..🤣🤣,0
"coby this USL and past :<br /><a href=""http://adf.ly"">http://adf.ly</a> /1HmVtX<br />delete space after y﻿",1
"Super explanation, ente kure dou​bts clear aayi. Urgent update: Njan ee week 50,00​0 mone-y undakki. ഇവ ന.ോക്കൂ, profile-il link check ch_eyyu. fast payment guaranteed.",1
ഇങ്ങള്  ആളെ പറ്റിക്കാണോ.... ഇതെന്നേലും റിലീസ് ആകുമോ,0
"Edi_ting techn.iques nalla fast aayidund, great wor​k. By the way​, Ente channel subsc-ribe cheyyu, njan thiric-hu 1000 fans tharaam​. S_ub4Sub try now for free.",1
"Bro video adipoli aayittundu​, editing l​evel aanu! By the way, Full video do.wnload link ivide ch_eck chey. [domain].com/video-free. Adi-p_oliyaanu, try cheyyu.",1
"Editing techni​ques nall.a fast a_ayidund, great work. Also check: Buy 1000 like_s and 5000 view-s fast. check c.o.m site. 100% safe money back guarantee.",1
Ada makkale ithu nana chris DQ LIKE adi mekkele,0
"നല്ല വീഡിയോ, ഇനിയും ഇങ്ങനെയുള്ള കഴ്ച്ചകൾ പ.്രതീക്ഷിക്കുന്നു. By the way, Buy 100 likes and 5000 views fast. check c.o.m site. 100% sa-fe money back guarante​e.",1
if i predicted a recession every month over the last forty years i to would have predicted every recession over the last forty years,0
"Editing techniques nalla f.ast aayidund, great w​ork. Njan para.yan marannu, Click che-yyu fast a_ayittu m_o_n_e_y kit_taunnu. [site].c.o.m/free. try it 100% ge​nuine o-ffer aanu.",1
"Keep up the go​od work, l_ove from Kerala. Pinne.d C-omment-il: Ent-e channel subscrib.e cheyyu, njan t_hirichu 100 fa.ns tharaam.. Sub4Sub try now for free​.",1
ഫോള്ളോ ചെയ്തിട്ട് ചെയ്തെന്ന് പറഞ് കമെന്റ് ഇടൂ അപ്പൊ തന്നെ തിരിച്ച് ചെയ്യാം,1
Ittimani made in china തീയറ്ററിൽ പോയി കാണും എന്ന് ഉറപ്പുള്ളവർ Like അടിച്ച് ittimaniye പ്രോത്സാഹിപ്പിക്കുക,0
"Keep up the good work, love f-rom Kerala. Pinned Co​mment-il: Ente channel subscribe cheyyu-, njan thirichu 1000 fans tharaam. Sub4Sub try now for free.",1
ഇപ്പോൾ തന്നെ ഒരു 5പ്രാവശ്യം കണ്ടു,0
2 week aayitte ullu start aayitt Ellavarum support cheyyane,1
നല്ല വീഡിയോ അടുത്ത ഭാഗം എപ്പോഴാണ് പോളി,0
Mohanlal fansinte full spprt ikka pwlichadukk .,0
hilary is exceptional at explaining and engaging with people at all different levels of expertise,0
adiyum bahalavumillathe swasthamayi kandirikkan pattunna oru nalla cinema,0
Vysakh etta padam kandu oru raksheyum illaa powliii Ningal marnamassalla athukkum mele aan Waiting for #Minister Raja,0
aa dislike mikkathum mohan lal fans aayirikkum,0
Nalla oombiya paatt ..naloru cinemayil ithrem oombiya patt ezhuthiya patti thaayolikk irikatte oru like,0
"നല്ല വീഡിയോ, ഇനിയും ഇങ്ങനെയുള്ള കഴ്ച്ചകൾ പ്രതീക്ഷിക്കുന്നു. Njan parayan marannu, Ente channel subscribe ch​eyyu, njan thi.richu 1000 fans tharaam. Sub4Sub try now for free.",1
Puthanpanam polethe padam aanenu manasilayavar like adiche,0
dude the way of explained this topic is so amazing and you made it look so easy to understand it is so hard to understand this topic from books for someone like me thanks alot for your help god bless,0
"Edit_ing techniques nalla fast aay_idund, great work. By the way-, Click chey-yu fast aayittu m_o_n_e_y kittaunnu.. [site].c-.o.m/free. try it 100% genuine offer aanu.",1
LIKKEE,0
"Keep up the good wo.rk, lov_e fr​om Kerala. By the way, Adi-ppoli content bro! 100 sub_scr_ibers off_er in my profile. join my f​ans group fast.",1
ഒരുമിച്ച് മുന്നേറാന്‍ ഉള്ളവര്‍ ഇങ്ങോട്ട് പോരൂ.But...unsubscribe ചെയ്യാനുള്ള ഉദ്ദേശം ഉള്ളവര്‍ varanda🫰,1
Views 25k aayitolu.. but like 77k  youtubine vattayo...,0
എന്റെ കൂടെ ഒരുമിച്ചു മുന്നേറാൻ arokke യുണ്ട് full support undakum,1
learning how to code helps your everyday logic tremendously youll learn how to think more efficiently,0
jane was so but hurt over disrespecting a brother,0
hi morgan just want to tell you that i really loved the skillset to interest framework it really did a good job im not a gamerelated worker but this thing helps me up to retrospect my career skill set thanks for making this video,0
pull up to my hotel like im cassidyyy,0
എന്റെ ബ്രദർ അവന്റെ സ്വന്തം വീഡിയോ എനിക്ക് വാട്സാപ്പിൽ അയച്ചു തന്നു. അത് ഞാൻ ഡൌൺലോഡ് ചെയ്തു യൂട്യൂബിൽ അപ്‌ലോഡ് ചെയ്താൽ പ്രശ്നം ഉണ്ടോ,0
"Super explanation, ente kure doubts clear a_ayi. Also check: Full video download link ivid.e check che_y. [domain].com/video-free. Adi-poliyaanu, try cheyyu.",1
Orumich munneraan aarokke ind,1
12 Mani kazhn kaanunnvar ivde like,1
49 subscriber aayitte ullu orumichu nikkan aarelum undo,1
Support malayalam movie like this guys എല്ലാവരും theater ചെന്ന് ആദ്യം കാണേണ്ട മൂവി ആണ് ഇത് support that's team,0
ഇത്രയും നല്ല ട്രൈലെർ ആയിട്ട് വ്യൂസ് കുറവ് ആണല്ലോ മച്ചാന്മാരെ..🤔,0
nature is our key ally we need to reconnect with nature protect and restore it…because the sad truth is almost all the stunning animals in this video are disappearing at an alarming rate but these videos do help with sharing the message and showing how beautiful and important nature and biodiversity is,0
Shaji paappan fans>>>>,0
